Forest Size, Forest Depth, Patterns threshold, Edges Threshold, Learner, Train R2, Test R2, Test R2 (gain), MAE, MAE (gain), MSE, MSE (gain), Patterns Count, Patterns Ratio, Training Time, Pruning Time

Forest Size, Forest Depth, Patterns threshold, Edges Threshold, Learner, Train R2, Test R2, Test R2 (gain), MAE, MAE (gain), MSE, MSE (gain), Patterns Count, Patterns Ratio, Training Time, Pruning Time

25,5,1,1.0,MultinomialNB(),-0.86,-0.67,0.0,0.862,0.0,1.323,0.0,124,1.0,0:00:00.011690,0:00:00.546469,

25,5,1,1.0,LinearSVC(max_iter=10000),0.128,-0.03,0.0,0.604,0.0,0.816,0.0,124,1.0,0:00:15.370983,0:00:00.546469,

25,5,1,1.0,LogisticRegression(max_iter=10000),0.157,0.04,0.0,0.59,0.0,0.761,0.0,124,1.0,0:00:05.146789,0:00:00.546469,

25,5,1,0.975,MultinomialNB(),-0.872,-0.672,-0.712,0.864,0.274,1.326,0.564,105,0.847,0:00:00.006418,0:00:00.287367,

25,5,1,0.975,LinearSVC(max_iter=10000),0.107,-0.06,-0.099,0.615,0.026,0.84,0.079,105,0.847,0:00:11.705697,0:00:00.287367,

25,5,1,0.975,LogisticRegression(max_iter=10000),0.133,0.032,-0.008,0.596,0.006,0.767,0.006,105,0.847,0:00:04.475489,0:00:00.287367,

25,5,1,0.95,MultinomialNB(),-0.903,-0.716,-0.756,0.877,0.287,1.36,0.599,93,0.75,0:00:00.007456,0:00:00.215053,

25,5,1,0.95,LinearSVC(max_iter=10000),0.102,-0.067,-0.107,0.617,0.028,0.846,0.085,93,0.75,0:00:10.894006,0:00:00.215053,

25,5,1,0.95,LogisticRegression(max_iter=10000),0.122,0.02,-0.019,0.601,0.011,0.777,0.015,93,0.75,0:00:03.307946,0:00:00.215053,

25,5,1,0.925,MultinomialNB(),-0.942,-0.814,-0.854,0.901,0.311,1.438,0.677,87,0.702,0:00:00.005962,0:00:00.208802,

25,5,1,0.925,LinearSVC(max_iter=10000),0.104,-0.085,-0.125,0.619,0.03,0.86,0.099,87,0.702,0:00:10.886656,0:00:00.208802,

25,5,1,0.925,LogisticRegression(max_iter=10000),0.12,0.016,-0.023,0.6,0.01,0.78,0.018,87,0.702,0:00:03.072278,0:00:00.208802,

25,5,1,0.9,MultinomialNB(),-0.965,-0.809,-0.848,0.899,0.309,1.434,0.672,76,0.613,0:00:00.004886,0:00:00.197218,

25,5,1,0.9,LinearSVC(max_iter=10000),0.093,-0.061,-0.1,0.618,0.029,0.841,0.08,76,0.613,0:00:09.483064,0:00:00.197218,

25,5,1,0.9,LogisticRegression(max_iter=10000),0.111,0.007,-0.032,0.595,0.005,0.787,0.026,76,0.613,0:00:02.583499,0:00:00.197218,

25,5,1,0.85,MultinomialNB(),-1.062,-0.926,-0.966,0.935,0.345,1.527,0.765,66,0.532,0:00:00.004900,0:00:00.158566,

25,5,1,0.85,LinearSVC(max_iter=10000),0.055,-0.051,-0.09,0.618,0.029,0.833,0.071,66,0.532,0:00:08.235268,0:00:00.158566,

25,5,1,0.85,LogisticRegression(max_iter=10000),0.071,-0.026,-0.066,0.617,0.028,0.813,0.052,66,0.532,0:00:02.004199,0:00:00.158566,

25,5,1,0.8,MultinomialNB(),-1.115,-0.936,-0.976,0.935,0.345,1.535,0.773,59,0.476,0:00:00.004160,0:00:00.158014,

25,5,1,0.8,LinearSVC(max_iter=10000),0.042,-0.044,-0.084,0.617,0.028,0.828,0.066,59,0.476,0:00:05.832818,0:00:00.158014,

25,5,1,0.8,LogisticRegression(max_iter=10000),0.054,-0.053,-0.093,0.622,0.033,0.835,0.073,59,0.476,0:00:01.919342,0:00:00.158014,

25,5,1,0.7,MultinomialNB(),-1.004,-1.003,-1.043,0.937,0.347,1.588,0.827,42,0.339,0:00:00.003930,0:00:00.131513,

25,5,1,0.7,LinearSVC(max_iter=10000),0.039,-0.035,-0.075,0.608,0.018,0.82,0.059,42,0.339,0:00:04.017306,0:00:00.131513,

25,5,1,0.7,LogisticRegression(max_iter=10000),0.044,-0.036,-0.076,0.615,0.026,0.821,0.06,42,0.339,0:00:01.400879,0:00:00.131513,

25,5,1,0.6,MultinomialNB(),-0.686,-0.688,-0.727,0.862,0.272,1.338,0.577,18,0.145,0:00:00.003266,0:00:00.118113,

25,5,1,0.6,LinearSVC(max_iter=10000),0.005,-0.049,-0.089,0.607,0.017,0.832,0.07,18,0.145,0:00:00.954024,0:00:00.118113,

25,5,1,0.6,LogisticRegression(max_iter=10000),0.018,-0.029,-0.068,0.601,0.011,0.815,0.054,18,0.145,0:00:00.679372,0:00:00.118113,

25,5,2,1.0,MultinomialNB(),-0.558,-0.398,0.0,0.747,0.0,1.108,0.0,56,1.0,0:00:00.005027,0:00:00.094847,

25,5,2,1.0,LinearSVC(max_iter=10000),0.087,-0.034,0.0,0.613,0.0,0.819,0.0,56,1.0,0:00:06.354053,0:00:00.094847,

25,5,2,1.0,LogisticRegression(max_iter=10000),0.127,0.029,0.0,0.592,0.0,0.769,0.0,56,1.0,0:00:02.425813,0:00:00.094847,

25,5,2,0.975,MultinomialNB(),-0.584,-0.42,-0.449,0.756,0.164,1.126,0.356,45,0.804,0:00:00.004041,0:00:00.072137,

25,5,2,0.975,LinearSVC(max_iter=10000),0.076,0.005,-0.024,0.601,0.009,0.789,0.019,45,0.804,0:00:03.882276,0:00:00.072137,

25,5,2,0.975,LogisticRegression(max_iter=10000),0.11,0.013,-0.017,0.597,0.005,0.783,0.013,45,0.804,0:00:01.400085,0:00:00.072137,

25,5,2,0.95,MultinomialNB(),-0.658,-0.437,-0.466,0.763,0.171,1.139,0.369,39,0.696,0:00:00.003728,0:00:00.068909,

25,5,2,0.95,LinearSVC(max_iter=10000),0.076,-0.013,-0.042,0.605,0.013,0.803,0.034,39,0.696,0:00:02.967724,0:00:00.068909,

25,5,2,0.95,LogisticRegression(max_iter=10000),0.101,0.02,-0.009,0.593,0.001,0.777,0.007,39,0.696,0:00:01.169511,0:00:00.068909,

25,5,2,0.925,MultinomialNB(),-0.673,-0.433,-0.462,0.762,0.17,1.136,0.366,37,0.661,0:00:00.004022,0:00:00.064985,

25,5,2,0.925,LinearSVC(max_iter=10000),0.077,-0.022,-0.051,0.604,0.012,0.81,0.041,37,0.661,0:00:02.335890,0:00:00.064985,

25,5,2,0.925,LogisticRegression(max_iter=10000),0.097,0.016,-0.013,0.594,0.002,0.78,0.01,37,0.661,0:00:01.127887,0:00:00.064985,

25,5,2,0.9,MultinomialNB(),-0.721,-0.56,-0.59,0.79,0.198,1.237,0.467,31,0.554,0:00:00.003464,0:00:00.059154,

25,5,2,0.9,LinearSVC(max_iter=10000),0.078,-0.0,-0.03,0.603,0.011,0.793,0.023,31,0.554,0:00:01.824710,0:00:00.059154,

25,5,2,0.9,LogisticRegression(max_iter=10000),0.101,0.013,-0.017,0.603,0.011,0.783,0.013,31,0.554,0:00:00.906348,0:00:00.059154,

25,5,2,0.85,MultinomialNB(),-0.765,-0.598,-0.627,0.793,0.201,1.266,0.497,27,0.482,0:00:00.005713,0:00:00.056770,

25,5,2,0.85,LinearSVC(max_iter=10000),0.02,-0.049,-0.079,0.613,0.021,0.832,0.062,27,0.482,0:00:01.433640,0:00:00.056770,

25,5,2,0.85,LogisticRegression(max_iter=10000),0.058,-0.045,-0.075,0.614,0.022,0.829,0.059,27,0.482,0:00:00.765945,0:00:00.056770,

25,5,2,0.8,MultinomialNB(),-0.771,-0.732,-0.761,0.828,0.236,1.372,0.603,23,0.411,0:00:00.003129,0:00:00.050486,

25,5,2,0.8,LinearSVC(max_iter=10000),0.021,-0.039,-0.068,0.599,0.007,0.823,0.054,23,0.411,0:00:01.099019,0:00:00.050486,

25,5,2,0.8,LogisticRegression(max_iter=10000),0.043,-0.058,-0.088,0.62,0.029,0.839,0.069,23,0.411,0:00:00.733615,0:00:00.050486,

25,5,2,0.7,MultinomialNB(),-0.721,-0.653,-0.682,0.806,0.214,1.31,0.541,20,0.357,0:00:00.003012,0:00:00.055270,

25,5,2,0.7,LinearSVC(max_iter=10000),0.022,-0.035,-0.064,0.598,0.006,0.82,0.051,20,0.357,0:00:00.818908,0:00:00.055270,

25,5,2,0.7,LogisticRegression(max_iter=10000),0.039,-0.052,-0.081,0.611,0.019,0.834,0.064,20,0.357,0:00:00.654750,0:00:00.055270,

25,5,2,0.6,MultinomialNB(),-0.288,-0.235,-0.264,0.695,0.103,0.979,0.209,7,0.125,0:00:00.002587,0:00:00.044859,

25,5,2,0.6,LinearSVC(max_iter=10000),0.014,-0.048,-0.077,0.608,0.016,0.831,0.061,7,0.125,0:00:00.226902,0:00:00.044859,

25,5,2,0.6,LogisticRegression(max_iter=10000),0.021,-0.039,-0.068,0.603,0.011,0.823,0.054,7,0.125,0:00:00.321392,0:00:00.044859,

25,10,1,1.0,MultinomialNB(),-1.229,-1.075,0.0,0.976,0.0,1.645,0.0,307,1.0,0:00:00.014556,0:00:02.811370,

25,10,1,1.0,LinearSVC(max_iter=10000),0.239,0.056,0.0,0.587,0.0,0.748,0.0,307,1.0,0:01:22.783236,0:00:02.811370,

25,10,1,1.0,LogisticRegression(max_iter=10000),0.241,0.087,0.0,0.581,0.0,0.723,0.0,307,1.0,0:00:08.234415,0:00:02.811370,

25,10,1,0.975,MultinomialNB(),-1.431,-1.235,-1.322,1.022,0.442,1.771,1.048,240,0.782,0:00:00.011708,0:00:01.242457,

25,10,1,0.975,LinearSVC(max_iter=10000),0.183,0.036,-0.051,0.591,0.01,0.764,0.041,240,0.782,0:00:46.044612,0:00:01.242457,

25,10,1,0.975,LogisticRegression(max_iter=10000),0.188,0.065,-0.022,0.584,0.003,0.741,0.017,240,0.782,0:00:06.333763,0:00:01.242457,

25,10,1,0.95,MultinomialNB(),-1.589,-1.397,-1.484,1.055,0.474,1.9,1.177,207,0.674,0:00:00.009134,0:00:01.000597,

25,10,1,0.95,LinearSVC(max_iter=10000),0.177,0.061,-0.026,0.574,-0.006,0.744,0.02,207,0.674,0:00:40.624943,0:00:01.000597,

25,10,1,0.95,LogisticRegression(max_iter=10000),0.172,0.063,-0.024,0.582,0.001,0.743,0.019,207,0.674,0:00:05.904498,0:00:01.000597,

25,10,1,0.925,MultinomialNB(),-1.616,-1.401,-1.488,1.058,0.478,1.903,1.18,187,0.609,0:00:00.009835,0:00:00.935611,

25,10,1,0.925,LinearSVC(max_iter=10000),0.145,0.01,-0.077,0.587,0.006,0.785,0.061,187,0.609,0:00:33.157693,0:00:00.935611,

25,10,1,0.925,LogisticRegression(max_iter=10000),0.15,0.051,-0.036,0.585,0.004,0.752,0.029,187,0.609,0:00:04.225085,0:00:00.935611,

25,10,1,0.9,MultinomialNB(),-1.216,-1.041,-1.128,0.966,0.386,1.617,0.894,166,0.541,0:00:00.008235,0:00:00.743307,

25,10,1,0.9,LinearSVC(max_iter=10000),0.116,0.014,-0.073,0.588,0.007,0.782,0.058,166,0.541,0:00:28.206030,0:00:00.743307,

25,10,1,0.9,LogisticRegression(max_iter=10000),0.135,0.052,-0.035,0.58,-0.001,0.751,0.028,166,0.541,0:00:09.793720,0:00:00.743307,

25,10,1,0.85,MultinomialNB(),-1.201,-1.074,-1.161,0.979,0.398,1.644,0.92,137,0.446,0:00:00.006902,0:00:00.564670,

25,10,1,0.85,LinearSVC(max_iter=10000),0.075,-0.031,-0.118,0.611,0.031,0.817,0.094,137,0.446,0:00:20.885089,0:00:00.564670,

25,10,1,0.85,LogisticRegression(max_iter=10000),0.101,-0.007,-0.094,0.598,0.017,0.798,0.074,137,0.446,0:00:04.954771,0:00:00.564670,

25,10,1,0.8,MultinomialNB(),-1.181,-1.095,-1.182,0.981,0.4,1.66,0.937,114,0.371,0:00:00.006894,0:00:00.442025,

25,10,1,0.8,LinearSVC(max_iter=10000),0.054,-0.04,-0.127,0.61,0.03,0.824,0.101,114,0.371,0:00:15.404631,0:00:00.442025,

25,10,1,0.8,LogisticRegression(max_iter=10000),0.075,-0.011,-0.098,0.597,0.016,0.801,0.078,114,0.371,0:00:04.424195,0:00:00.442025,

25,10,1,0.7,MultinomialNB(),-1.301,-1.208,-1.295,1.009,0.429,1.75,1.027,74,0.241,0:00:00.004846,0:00:00.318793,

25,10,1,0.7,LinearSVC(max_iter=10000),0.055,-0.016,-0.103,0.603,0.022,0.805,0.082,74,0.241,0:00:09.086197,0:00:00.318793,

25,10,1,0.7,LogisticRegression(max_iter=10000),0.08,-0.003,-0.09,0.603,0.022,0.795,0.071,74,0.241,0:00:02.569911,0:00:00.318793,

25,10,1,0.6,MultinomialNB(),-1.385,-1.482,-1.569,1.073,0.493,1.967,1.244,36,0.117,0:00:00.003619,0:00:00.264149,

25,10,1,0.6,LinearSVC(max_iter=10000),0.013,-0.063,-0.151,0.61,0.03,0.843,0.119,36,0.117,0:00:03.492177,0:00:00.264149,

25,10,1,0.6,LogisticRegression(max_iter=10000),0.018,-0.013,-0.1,0.587,0.006,0.803,0.08,36,0.117,0:00:01.189424,0:00:00.264149,

25,10,2,1.0,MultinomialNB(),-1.181,-1.051,0.0,0.974,0.0,1.626,0.0,249,1.0,0:00:00.011851,0:00:01.294429,

25,10,2,1.0,LinearSVC(max_iter=10000),0.192,0.036,0.0,0.595,0.0,0.764,0.0,249,1.0,0:01:10.157719,0:00:01.294429,

25,10,2,1.0,LogisticRegression(max_iter=10000),0.219,0.069,0.0,0.581,0.0,0.738,0.0,249,1.0,0:00:05.992366,0:00:01.294429,

25,10,2,0.975,MultinomialNB(),-1.317,-1.19,-1.259,1.011,0.431,1.736,0.998,221,0.888,0:00:00.011026,0:00:01.086031,

25,10,2,0.975,LinearSVC(max_iter=10000),0.172,0.034,-0.035,0.594,0.013,0.765,0.028,221,0.888,0:00:55.373650,0:00:01.086031,

25,10,2,0.975,LogisticRegression(max_iter=10000),0.176,0.055,-0.014,0.59,0.009,0.749,0.011,221,0.888,0:00:05.086064,0:00:01.086031,

25,10,2,0.95,MultinomialNB(),-1.357,-1.214,-1.284,1.01,0.43,1.755,1.017,195,0.783,0:00:00.008945,0:00:00.885959,

25,10,2,0.95,LinearSVC(max_iter=10000),0.161,0.037,-0.032,0.586,0.005,0.763,0.026,195,0.783,0:00:45.277607,0:00:00.885959,

25,10,2,0.95,LogisticRegression(max_iter=10000),0.161,0.067,-0.003,0.581,0.0,0.74,0.002,195,0.783,0:00:04.569870,0:00:00.885959,

25,10,2,0.925,MultinomialNB(),-1.309,-1.147,-1.217,0.994,0.413,1.702,0.964,180,0.723,0:00:00.008797,0:00:00.789172,

25,10,2,0.925,LinearSVC(max_iter=10000),0.143,0.013,-0.057,0.589,0.008,0.783,0.045,180,0.723,0:00:37.638917,0:00:00.789172,

25,10,2,0.925,LogisticRegression(max_iter=10000),0.142,0.051,-0.018,0.585,0.004,0.752,0.014,180,0.723,0:00:04.227537,0:00:00.789172,

25,10,2,0.9,MultinomialNB(),-1.169,-1.026,-1.096,0.963,0.383,1.606,0.868,161,0.647,0:00:00.008682,0:00:00.680553,

25,10,2,0.9,LinearSVC(max_iter=10000),0.117,0.019,-0.05,0.588,0.007,0.778,0.04,161,0.647,0:00:28.558695,0:00:00.680553,

25,10,2,0.9,LogisticRegression(max_iter=10000),0.137,0.049,-0.021,0.583,0.002,0.754,0.016,161,0.647,0:00:06.635609,0:00:00.680553,

25,10,2,0.85,MultinomialNB(),-1.198,-1.083,-1.152,0.978,0.397,1.651,0.913,135,0.542,0:00:00.007049,0:00:00.524799,

25,10,2,0.85,LinearSVC(max_iter=10000),0.071,-0.029,-0.098,0.609,0.029,0.815,0.078,135,0.542,0:00:25.598127,0:00:00.524799,

25,10,2,0.85,LogisticRegression(max_iter=10000),0.104,-0.009,-0.079,0.6,0.019,0.8,0.062,135,0.542,0:00:05.583253,0:00:00.524799,

25,10,2,0.8,MultinomialNB(),-1.194,-1.106,-1.175,0.984,0.403,1.669,0.932,113,0.454,0:00:00.006798,0:00:00.423169,

25,10,2,0.8,LinearSVC(max_iter=10000),0.054,-0.04,-0.109,0.61,0.03,0.824,0.087,113,0.454,0:00:17.315145,0:00:00.423169,

25,10,2,0.8,LogisticRegression(max_iter=10000),0.075,-0.014,-0.084,0.6,0.019,0.804,0.066,113,0.454,0:00:04.408962,0:00:00.423169,

25,10,2,0.7,MultinomialNB(),-1.301,-1.208,-1.277,1.009,0.429,1.75,1.012,74,0.297,0:00:00.005014,0:00:00.286436,

25,10,2,0.7,LinearSVC(max_iter=10000),0.055,-0.016,-0.085,0.603,0.022,0.805,0.067,74,0.297,0:00:09.567225,0:00:00.286436,

25,10,2,0.7,LogisticRegression(max_iter=10000),0.08,-0.003,-0.072,0.603,0.022,0.795,0.057,74,0.297,0:00:02.581146,0:00:00.286436,

25,10,2,0.6,MultinomialNB(),-1.385,-1.482,-1.551,1.073,0.493,1.967,1.23,36,0.145,0:00:00.003528,0:00:00.260574,

25,10,2,0.6,LinearSVC(max_iter=10000),0.013,-0.063,-0.133,0.61,0.03,0.843,0.105,36,0.145,0:00:02.903424,0:00:00.260574,

25,10,2,0.6,LogisticRegression(max_iter=10000),0.018,-0.013,-0.082,0.587,0.006,0.803,0.065,36,0.145,0:00:01.146721,0:00:00.260574,

25,15,1,1.0,MultinomialNB(),-1.202,-1.097,0.0,0.974,0.0,1.662,0.0,347,1.0,0:00:00.013715,0:00:02.553966,

25,15,1,1.0,LinearSVC(max_iter=10000),0.236,0.083,0.0,0.576,0.0,0.727,0.0,347,1.0,0:01:39.246354,0:00:02.553966,

25,15,1,1.0,LogisticRegression(max_iter=10000),0.245,0.092,0.0,0.572,0.0,0.719,0.0,347,1.0,0:00:09.093231,0:00:02.553966,

25,15,1,0.975,MultinomialNB(),-1.439,-1.247,-1.339,1.026,0.453,1.781,1.061,245,0.706,0:00:00.011781,0:00:01.298593,

25,15,1,0.975,LinearSVC(max_iter=10000),0.18,0.046,-0.046,0.585,0.012,0.756,0.037,245,0.706,0:01:05.911968,0:00:01.298593,

25,15,1,0.975,LogisticRegression(max_iter=10000),0.196,0.072,-0.021,0.579,0.006,0.736,0.016,245,0.706,0:00:05.980787,0:00:01.298593,

25,15,1,0.95,MultinomialNB(),-1.578,-1.386,-1.478,1.054,0.482,1.891,1.171,210,0.605,0:00:00.009961,0:00:01.020296,

25,15,1,0.95,LinearSVC(max_iter=10000),0.172,0.063,-0.03,0.576,0.003,0.743,0.023,210,0.605,0:00:47.132578,0:00:01.020296,

25,15,1,0.95,LogisticRegression(max_iter=10000),0.173,0.078,-0.014,0.576,0.003,0.731,0.011,210,0.605,0:00:05.016778,0:00:01.020296,

25,15,1,0.925,MultinomialNB(),-1.689,-1.516,-1.608,1.08,0.507,1.994,1.274,189,0.545,0:00:00.008570,0:00:00.918136,

25,15,1,0.925,LinearSVC(max_iter=10000),0.146,0.014,-0.079,0.586,0.013,0.782,0.062,189,0.545,0:00:28.550030,0:00:00.918136,

25,15,1,0.925,LogisticRegression(max_iter=10000),0.149,0.047,-0.045,0.588,0.015,0.755,0.036,189,0.545,0:00:04.025913,0:00:00.918136,

25,15,1,0.9,MultinomialNB(),-1.235,-1.074,-1.166,0.977,0.404,1.644,0.924,168,0.484,0:00:00.008893,0:00:00.779710,

25,15,1,0.9,LinearSVC(max_iter=10000),0.11,0.019,-0.073,0.586,0.013,0.778,0.058,168,0.484,0:00:33.217442,0:00:00.779710,

25,15,1,0.9,LogisticRegression(max_iter=10000),0.132,0.049,-0.044,0.581,0.008,0.754,0.035,168,0.484,0:00:07.091863,0:00:00.779710,

25,15,1,0.85,MultinomialNB(),-1.195,-1.055,-1.147,0.973,0.401,1.629,0.909,138,0.398,0:00:00.006793,0:00:00.609944,

25,15,1,0.85,LinearSVC(max_iter=10000),0.074,-0.026,-0.118,0.609,0.037,0.813,0.094,138,0.398,0:00:19.800512,0:00:00.609944,

25,15,1,0.85,LogisticRegression(max_iter=10000),0.095,-0.018,-0.111,0.601,0.029,0.807,0.088,138,0.398,0:00:05.511345,0:00:00.609944,

25,15,1,0.8,MultinomialNB(),-1.181,-1.09,-1.182,0.979,0.406,1.656,0.937,115,0.331,0:00:00.006936,0:00:00.527418,

25,15,1,0.8,LinearSVC(max_iter=10000),0.052,-0.036,-0.129,0.609,0.037,0.821,0.102,115,0.331,0:00:15.870091,0:00:00.527418,

25,15,1,0.8,LogisticRegression(max_iter=10000),0.07,-0.017,-0.109,0.598,0.026,0.806,0.087,115,0.331,0:00:04.701173,0:00:00.527418,

25,15,1,0.7,MultinomialNB(),-1.286,-1.2,-1.293,1.003,0.431,1.744,1.024,75,0.216,0:00:00.004956,0:00:00.375990,

25,15,1,0.7,LinearSVC(max_iter=10000),0.054,-0.011,-0.103,0.601,0.029,0.801,0.082,75,0.216,0:00:09.488050,0:00:00.375990,

25,15,1,0.7,LogisticRegression(max_iter=10000),0.08,-0.005,-0.098,0.605,0.033,0.797,0.078,75,0.216,0:00:02.693035,0:00:00.375990,

25,15,1,0.6,MultinomialNB(),-1.25,-1.365,-1.457,1.04,0.467,1.874,1.155,37,0.107,0:00:00.003896,0:00:00.347741,

25,15,1,0.6,LinearSVC(max_iter=10000),0.01,-0.061,-0.153,0.608,0.036,0.841,0.121,37,0.107,0:00:03.213872,0:00:00.347741,

25,15,1,0.6,LogisticRegression(max_iter=10000),0.016,-0.018,-0.111,0.589,0.016,0.807,0.088,37,0.107,0:00:01.146631,0:00:00.347741,

25,15,2,1.0,MultinomialNB(),-1.272,-1.169,0.0,1.003,0.0,1.719,0.0,295,1.0,0:00:00.013550,0:00:01.691303,

25,15,2,1.0,LinearSVC(max_iter=10000),0.231,0.045,0.0,0.59,0.0,0.757,0.0,295,1.0,0:08:50.045805,0:00:01.691303,

25,15,2,1.0,LogisticRegression(max_iter=10000),0.236,0.081,0.0,0.58,0.0,0.729,0.0,295,1.0,0:00:08.176768,0:00:01.691303,

25,15,2,0.975,MultinomialNB(),-1.433,-1.231,-1.312,1.019,0.44,1.768,1.04,243,0.824,0:00:00.011025,0:00:01.284912,

25,15,2,0.975,LinearSVC(max_iter=10000),0.185,0.046,-0.035,0.587,0.007,0.756,0.028,243,0.824,0:01:24.499606,0:00:01.284912,

25,15,2,0.975,LogisticRegression(max_iter=10000),0.196,0.068,-0.013,0.582,0.002,0.739,0.01,243,0.824,0:00:06.349545,0:00:01.284912,

25,15,2,0.95,MultinomialNB(),-1.582,-1.395,-1.475,1.057,0.478,1.898,1.169,209,0.708,0:00:00.010061,0:00:01.057463,

25,15,2,0.95,LinearSVC(max_iter=10000),0.17,0.061,-0.019,0.577,-0.003,0.744,0.015,209,0.708,0:00:57.000017,0:00:01.057463,

25,15,2,0.95,LogisticRegression(max_iter=10000),0.177,0.072,-0.009,0.579,-0.001,0.736,0.007,209,0.708,0:00:05.565159,0:00:01.057463,

25,15,2,0.925,MultinomialNB(),-1.689,-1.516,-1.596,1.08,0.5,1.994,1.265,189,0.641,0:00:00.008879,0:00:00.919675,

25,15,2,0.925,LinearSVC(max_iter=10000),0.146,0.014,-0.067,0.586,0.006,0.782,0.053,189,0.641,0:00:41.451767,0:00:00.919675,

25,15,2,0.925,LogisticRegression(max_iter=10000),0.149,0.047,-0.033,0.588,0.008,0.755,0.027,189,0.641,0:00:04.081428,0:00:00.919675,

25,15,2,0.9,MultinomialNB(),-1.235,-1.074,-1.155,0.977,0.397,1.644,0.915,168,0.569,0:00:00.009531,0:00:00.857348,

25,15,2,0.9,LinearSVC(max_iter=10000),0.11,0.019,-0.062,0.586,0.006,0.778,0.049,168,0.569,0:00:35.227479,0:00:00.857348,

25,15,2,0.9,LogisticRegression(max_iter=10000),0.132,0.049,-0.032,0.581,0.001,0.754,0.026,168,0.569,0:00:08.784179,0:00:00.857348,

25,15,2,0.85,MultinomialNB(),-1.195,-1.055,-1.136,0.973,0.394,1.629,0.9,138,0.468,0:00:00.006815,0:00:00.569827,

25,15,2,0.85,LinearSVC(max_iter=10000),0.074,-0.026,-0.107,0.609,0.03,0.813,0.085,138,0.468,0:00:23.430875,0:00:00.569827,

25,15,2,0.85,LogisticRegression(max_iter=10000),0.095,-0.018,-0.099,0.601,0.021,0.807,0.079,138,0.468,0:00:05.942079,0:00:00.569827,

25,15,2,0.8,MultinomialNB(),-1.181,-1.09,-1.17,0.979,0.399,1.656,0.928,115,0.39,0:00:00.007092,0:00:00.448957,

25,15,2,0.8,LinearSVC(max_iter=10000),0.052,-0.036,-0.117,0.609,0.03,0.821,0.093,115,0.39,0:00:21.353738,0:00:00.448957,

25,15,2,0.8,LogisticRegression(max_iter=10000),0.07,-0.017,-0.098,0.598,0.018,0.806,0.078,115,0.39,0:00:05.054484,0:00:00.448957,

25,15,2,0.7,MultinomialNB(),-1.286,-1.2,-1.281,1.003,0.423,1.744,1.015,75,0.254,0:00:00.005326,0:00:00.337466,

25,15,2,0.7,LinearSVC(max_iter=10000),0.054,-0.011,-0.091,0.601,0.021,0.801,0.072,75,0.254,0:00:09.647765,0:00:00.337466,

25,15,2,0.7,LogisticRegression(max_iter=10000),0.08,-0.005,-0.086,0.605,0.026,0.797,0.068,75,0.254,0:00:02.994410,0:00:00.337466,

25,15,2,0.6,MultinomialNB(),-1.25,-1.365,-1.446,1.04,0.46,1.874,1.146,37,0.125,0:00:00.003998,0:00:00.290616,

25,15,2,0.6,LinearSVC(max_iter=10000),0.01,-0.061,-0.142,0.608,0.029,0.841,0.112,37,0.125,0:00:03.121214,0:00:00.290616,

25,15,2,0.6,LogisticRegression(max_iter=10000),0.016,-0.018,-0.099,0.589,0.009,0.807,0.079,37,0.125,0:00:01.344289,0:00:00.290616,

50,5,1,1.0,MultinomialNB(),-0.892,-0.76,0.0,0.893,0.0,1.395,0.0,164,1.0,0:00:00.008277,0:00:00.651764,

50,5,1,1.0,LinearSVC(max_iter=10000),0.142,0.019,0.0,0.596,0.0,0.778,0.0,164,1.0,0:00:30.673340,0:00:00.651764,

50,5,1,1.0,LogisticRegression(max_iter=10000),0.181,0.052,0.0,0.588,0.0,0.751,0.0,164,1.0,0:00:06.910958,0:00:00.651764,

50,5,1,0.975,MultinomialNB(),-0.951,-0.796,-0.848,0.897,0.309,1.423,0.672,136,0.829,0:00:00.007071,0:00:00.436959,

50,5,1,0.975,LinearSVC(max_iter=10000),0.105,0.028,-0.024,0.589,0.001,0.77,0.019,136,0.829,0:00:19.471536,0:00:00.436959,

50,5,1,0.975,LogisticRegression(max_iter=10000),0.132,0.041,-0.012,0.593,0.005,0.76,0.009,136,0.829,0:00:05.660217,0:00:00.436959,

50,5,1,0.95,MultinomialNB(),-0.991,-0.819,-0.872,0.907,0.319,1.442,0.691,121,0.738,0:00:00.007461,0:00:00.381792,

50,5,1,0.95,LinearSVC(max_iter=10000),0.108,0.02,-0.032,0.591,0.003,0.777,0.026,121,0.738,0:00:19.221655,0:00:00.381792,

50,5,1,0.95,LogisticRegression(max_iter=10000),0.125,0.054,0.001,0.587,-0.001,0.75,-0.001,121,0.738,0:00:06.039910,0:00:00.381792,

50,5,1,0.925,MultinomialNB(),-0.997,-0.896,-0.949,0.928,0.34,1.503,0.752,114,0.695,0:00:00.006293,0:00:00.308609,

50,5,1,0.925,LinearSVC(max_iter=10000),0.107,0.007,-0.045,0.591,0.003,0.787,0.036,114,0.695,0:00:14.947000,0:00:00.308609,

50,5,1,0.925,LogisticRegression(max_iter=10000),0.125,0.055,0.003,0.58,-0.008,0.749,-0.002,114,0.695,0:00:04.999878,0:00:00.308609,

50,5,1,0.9,MultinomialNB(),-1.085,-0.948,-1.0,0.944,0.356,1.544,0.793,105,0.64,0:00:00.005999,0:00:00.316344,

50,5,1,0.9,LinearSVC(max_iter=10000),0.101,0.007,-0.045,0.591,0.003,0.787,0.036,105,0.64,0:00:13.820369,0:00:00.316344,

50,5,1,0.9,LogisticRegression(max_iter=10000),0.107,0.027,-0.026,0.588,0.0,0.771,0.02,105,0.64,0:00:04.462812,0:00:00.316344,

50,5,1,0.85,MultinomialNB(),-1.177,-1.035,-1.088,0.96,0.372,1.613,0.862,92,0.561,0:00:00.005702,0:00:00.264902,

50,5,1,0.85,LinearSVC(max_iter=10000),0.067,-0.016,-0.068,0.603,0.015,0.805,0.054,92,0.561,0:00:12.804335,0:00:00.264902,

50,5,1,0.85,LogisticRegression(max_iter=10000),0.086,0.01,-0.042,0.601,0.013,0.785,0.034,92,0.561,0:00:03.362184,0:00:00.264902,

50,5,1,0.8,MultinomialNB(),-1.233,-1.091,-1.143,0.971,0.384,1.657,0.906,74,0.451,0:00:00.004911,0:00:00.233633,

50,5,1,0.8,LinearSVC(max_iter=10000),0.045,-0.035,-0.088,0.602,0.014,0.82,0.069,74,0.451,0:00:08.891281,0:00:00.233633,

50,5,1,0.8,LogisticRegression(max_iter=10000),0.064,-0.008,-0.061,0.603,0.015,0.799,0.048,74,0.451,0:00:03.074926,0:00:00.233633,

50,5,1,0.7,MultinomialNB(),-1.351,-1.231,-1.284,1.007,0.419,1.768,1.017,47,0.287,0:00:00.004569,0:00:00.172992,

50,5,1,0.7,LinearSVC(max_iter=10000),0.043,-0.029,-0.081,0.603,0.015,0.815,0.064,47,0.287,0:00:04.661808,0:00:00.172992,

50,5,1,0.7,LogisticRegression(max_iter=10000),0.067,-0.004,-0.057,0.606,0.018,0.796,0.045,47,0.287,0:00:01.406638,0:00:00.172992,

50,5,1,0.6,MultinomialNB(),-1.242,-1.373,-1.425,1.034,0.446,1.881,1.13,24,0.146,0:00:00.004085,0:00:00.159865,

50,5,1,0.6,LinearSVC(max_iter=10000),0.006,-0.029,-0.081,0.591,0.003,0.815,0.064,24,0.146,0:00:01.667968,0:00:00.159865,

50,5,1,0.6,LogisticRegression(max_iter=10000),0.01,-0.022,-0.075,0.588,0.0,0.81,0.059,24,0.146,0:00:00.850327,0:00:00.159865,

50,5,2,1.0,MultinomialNB(),-0.796,-0.641,0.0,0.828,0.0,1.301,0.0,91,1.0,0:00:00.005826,0:00:00.208891,

50,5,2,1.0,LinearSVC(max_iter=10000),0.099,-0.043,0.0,0.612,0.0,0.827,0.0,91,1.0,0:00:10.512285,0:00:00.208891,

50,5,2,1.0,LogisticRegression(max_iter=10000),0.126,0.01,0.0,0.601,0.0,0.785,0.0,91,1.0,0:00:03.666727,0:00:00.208891,

50,5,2,0.975,MultinomialNB(),-0.838,-0.688,-0.698,0.842,0.241,1.338,0.553,75,0.824,0:00:00.004730,0:00:00.151309,

50,5,2,0.975,LinearSVC(max_iter=10000),0.1,-0.033,-0.042,0.612,0.011,0.818,0.034,75,0.824,0:00:07.772060,0:00:00.151309,

50,5,2,0.975,LogisticRegression(max_iter=10000),0.114,0.018,0.008,0.599,-0.002,0.779,-0.006,75,0.824,0:00:02.949820,0:00:00.151309,

50,5,2,0.95,MultinomialNB(),-0.889,-0.692,-0.702,0.841,0.24,1.341,0.556,65,0.714,0:00:00.004443,0:00:00.139934,

50,5,2,0.95,LinearSVC(max_iter=10000),0.101,-0.009,-0.019,0.606,0.005,0.8,0.015,65,0.714,0:00:05.992073,0:00:00.139934,

50,5,2,0.95,LogisticRegression(max_iter=10000),0.105,0.018,0.008,0.605,0.004,0.779,-0.006,65,0.714,0:00:02.220633,0:00:00.139934,

50,5,2,0.925,MultinomialNB(),-0.91,-0.715,-0.725,0.849,0.248,1.359,0.574,62,0.681,0:00:00.004507,0:00:00.134574,

50,5,2,0.925,LinearSVC(max_iter=10000),0.102,-0.014,-0.024,0.604,0.003,0.804,0.019,62,0.681,0:00:06.295668,0:00:00.134574,

50,5,2,0.925,LogisticRegression(max_iter=10000),0.106,0.019,0.009,0.6,-0.001,0.778,-0.007,62,0.681,0:00:02.062085,0:00:00.134574,

50,5,2,0.9,MultinomialNB(),-0.974,-0.755,-0.765,0.86,0.259,1.391,0.606,55,0.604,0:00:00.004167,0:00:00.119037,

50,5,2,0.9,LinearSVC(max_iter=10000),0.076,-0.031,-0.041,0.611,0.01,0.817,0.033,55,0.604,0:00:04.950513,0:00:00.119037,

50,5,2,0.9,LogisticRegression(max_iter=10000),0.109,-0.012,-0.022,0.61,0.009,0.802,0.017,55,0.604,0:00:01.830173,0:00:00.119037,

50,5,2,0.85,MultinomialNB(),-1.088,-0.867,-0.877,0.89,0.289,1.48,0.695,48,0.527,0:00:00.004263,0:00:00.105617,

50,5,2,0.85,LinearSVC(max_iter=10000),0.042,-0.079,-0.089,0.635,0.034,0.855,0.07,48,0.527,0:00:04.543223,0:00:00.105617,

50,5,2,0.85,LogisticRegression(max_iter=10000),0.06,-0.058,-0.068,0.635,0.034,0.839,0.054,48,0.527,0:00:01.373239,0:00:00.105617,

50,5,2,0.8,MultinomialNB(),-1.192,-0.994,-1.004,0.915,0.314,1.581,0.796,40,0.44,0:00:00.003768,0:00:00.099884,

50,5,2,0.8,LinearSVC(max_iter=10000),0.044,-0.056,-0.066,0.62,0.019,0.837,0.052,40,0.44,0:00:03.563539,0:00:00.099884,

50,5,2,0.8,LogisticRegression(max_iter=10000),0.054,-0.06,-0.07,0.634,0.033,0.84,0.055,40,0.44,0:00:01.246294,0:00:00.099884,

50,5,2,0.7,MultinomialNB(),-1.404,-1.19,-1.2,0.979,0.378,1.736,0.951,27,0.297,0:00:00.004204,0:00:00.090751,

50,5,2,0.7,LinearSVC(max_iter=10000),0.031,-0.057,-0.067,0.615,0.014,0.838,0.053,27,0.297,0:00:01.681893,0:00:00.090751,

50,5,2,0.7,LogisticRegression(max_iter=10000),0.058,-0.052,-0.062,0.621,0.02,0.834,0.049,27,0.297,0:00:00.821258,0:00:00.090751,

50,5,2,0.6,MultinomialNB(),-1.219,-1.211,-1.22,0.948,0.347,1.752,0.967,12,0.132,0:00:00.003033,0:00:00.086592,

50,5,2,0.6,LinearSVC(max_iter=10000),0.0,-0.054,-0.064,0.605,0.004,0.836,0.051,12,0.132,0:00:00.510811,0:00:00.086592,

50,5,2,0.6,LogisticRegression(max_iter=10000),0.009,-0.043,-0.053,0.6,-0.001,0.827,0.042,12,0.132,0:00:00.490531,0:00:00.086592,

50,10,1,1.0,MultinomialNB(),-1.196,-1.087,0.0,0.97,0.0,1.654,0.0,352,1.0,0:00:00.013996,0:00:02.293582,

50,10,1,1.0,LinearSVC(max_iter=10000),0.244,0.078,0.0,0.576,0.0,0.731,0.0,352,1.0,0:01:56.735380,0:00:02.293582,

50,10,1,1.0,LogisticRegression(max_iter=10000),0.247,0.095,0.0,0.572,0.0,0.717,0.0,352,1.0,0:00:10.799151,0:00:02.293582,

50,10,1,0.975,MultinomialNB(),-1.475,-1.285,-1.38,1.032,0.459,1.811,1.094,246,0.699,0:00:00.011362,0:00:01.330577,

50,10,1,0.975,LinearSVC(max_iter=10000),0.183,0.043,-0.051,0.587,0.014,0.758,0.041,246,0.699,0:01:10.478302,0:00:01.330577,

50,10,1,0.975,LogisticRegression(max_iter=10000),0.202,0.074,-0.021,0.579,0.006,0.734,0.016,246,0.699,0:00:06.373320,0:00:01.330577,

50,10,1,0.95,MultinomialNB(),-1.586,-1.392,-1.487,1.057,0.485,1.896,1.179,211,0.599,0:00:00.010402,0:00:01.092041,

50,10,1,0.95,LinearSVC(max_iter=10000),0.171,0.063,-0.032,0.576,0.003,0.743,0.026,211,0.599,0:00:57.426201,0:00:01.092041,

50,10,1,0.95,LogisticRegression(max_iter=10000),0.176,0.083,-0.012,0.573,0.001,0.727,0.009,211,0.599,0:00:05.550885,0:00:01.092041,

50,10,1,0.925,MultinomialNB(),-1.689,-1.516,-1.611,1.08,0.507,1.994,1.277,189,0.537,0:00:00.008659,0:00:00.868834,

50,10,1,0.925,LinearSVC(max_iter=10000),0.146,0.014,-0.081,0.586,0.013,0.782,0.064,189,0.537,0:00:37.959410,0:00:00.868834,

50,10,1,0.925,LogisticRegression(max_iter=10000),0.149,0.049,-0.046,0.587,0.014,0.754,0.037,189,0.537,0:00:04.782505,0:00:00.868834,

50,10,1,0.9,MultinomialNB(),-1.235,-1.074,-1.169,0.977,0.404,1.644,0.927,168,0.477,0:00:00.008162,0:00:00.849417,

50,10,1,0.9,LinearSVC(max_iter=10000),0.11,0.019,-0.076,0.586,0.013,0.778,0.06,168,0.477,0:00:34.543071,0:00:00.849417,

50,10,1,0.9,LogisticRegression(max_iter=10000),0.134,0.049,-0.046,0.581,0.008,0.754,0.037,168,0.477,0:00:06.912966,0:00:00.849417,

50,10,1,0.85,MultinomialNB(),-1.195,-1.055,-1.15,0.973,0.401,1.629,0.911,138,0.392,0:00:00.007056,0:00:00.630117,

50,10,1,0.85,LinearSVC(max_iter=10000),0.074,-0.026,-0.121,0.609,0.037,0.813,0.096,138,0.392,0:00:27.804474,0:00:00.630117,

50,10,1,0.85,LogisticRegression(max_iter=10000),0.096,-0.018,-0.113,0.601,0.029,0.807,0.09,138,0.392,0:00:05.411810,0:00:00.630117,

50,10,1,0.8,MultinomialNB(),-1.181,-1.09,-1.184,0.979,0.406,1.656,0.939,115,0.327,0:00:00.007515,0:00:00.517543,

50,10,1,0.8,LinearSVC(max_iter=10000),0.052,-0.036,-0.131,0.609,0.037,0.821,0.104,115,0.327,0:00:19.118420,0:00:00.517543,

50,10,1,0.8,LogisticRegression(max_iter=10000),0.07,-0.017,-0.112,0.598,0.026,0.806,0.089,115,0.327,0:00:06.633754,0:00:00.517543,

50,10,1,0.7,MultinomialNB(),-1.286,-1.2,-1.295,1.003,0.431,1.744,1.027,75,0.213,0:00:00.004823,0:00:00.405106,

50,10,1,0.7,LinearSVC(max_iter=10000),0.054,-0.011,-0.106,0.601,0.029,0.801,0.084,75,0.213,0:00:09.210749,0:00:00.405106,

50,10,1,0.7,LogisticRegression(max_iter=10000),0.08,-0.002,-0.097,0.604,0.032,0.794,0.077,75,0.213,0:00:03.975359,0:00:00.405106,

50,10,1,0.6,MultinomialNB(),-1.25,-1.365,-1.46,1.04,0.467,1.874,1.157,37,0.105,0:00:00.003729,0:00:00.368866,

50,10,1,0.6,LinearSVC(max_iter=10000),0.01,-0.061,-0.156,0.608,0.036,0.841,0.123,37,0.105,0:00:03.293286,0:00:00.368866,

50,10,1,0.6,LogisticRegression(max_iter=10000),0.017,-0.018,-0.113,0.589,0.016,0.807,0.09,37,0.105,0:00:01.427765,0:00:00.368866,

50,10,2,1.0,MultinomialNB(),-1.226,-1.114,0.0,0.976,0.0,1.676,0.0,302,1.0,0:00:00.013930,0:00:01.741482,

50,10,2,1.0,LinearSVC(max_iter=10000),0.222,0.068,0.0,0.582,0.0,0.739,0.0,302,1.0,0:01:35.225369,0:00:01.741482,

50,10,2,1.0,LogisticRegression(max_iter=10000),0.23,0.087,0.0,0.574,0.0,0.723,0.0,302,1.0,0:00:08.462814,0:00:01.741482,

50,10,2,0.975,MultinomialNB(),-1.444,-1.236,-1.323,1.019,0.445,1.772,1.049,238,0.788,0:00:00.011150,0:00:01.242416,

50,10,2,0.975,LinearSVC(max_iter=10000),0.176,0.043,-0.044,0.587,0.012,0.758,0.035,238,0.788,0:01:19.900436,0:00:01.242416,

50,10,2,0.975,LogisticRegression(max_iter=10000),0.191,0.078,-0.009,0.582,0.007,0.731,0.007,238,0.788,0:00:06.047322,0:00:01.242416,

50,10,2,0.95,MultinomialNB(),-1.585,-1.409,-1.496,1.06,0.486,1.909,1.186,208,0.689,0:00:00.009914,0:00:01.036416,

50,10,2,0.95,LinearSVC(max_iter=10000),0.163,0.049,-0.039,0.581,0.006,0.754,0.031,208,0.689,0:00:53.360159,0:00:01.036416,

50,10,2,0.95,LogisticRegression(max_iter=10000),0.173,0.074,-0.013,0.579,0.004,0.734,0.01,208,0.689,0:00:05.374896,0:00:01.036416,

50,10,2,0.925,MultinomialNB(),-1.605,-1.401,-1.488,1.058,0.484,1.903,1.18,188,0.623,0:00:00.008684,0:00:00.897917,

50,10,2,0.925,LinearSVC(max_iter=10000),0.148,0.006,-0.081,0.59,0.015,0.788,0.064,188,0.623,0:00:47.148185,0:00:00.897917,

50,10,2,0.925,LogisticRegression(max_iter=10000),0.143,0.047,-0.04,0.588,0.013,0.755,0.032,188,0.623,0:00:04.352419,0:00:00.897917,

50,10,2,0.9,MultinomialNB(),-1.235,-1.074,-1.161,0.977,0.402,1.644,0.92,168,0.556,0:00:00.008560,0:00:00.796812,

50,10,2,0.9,LinearSVC(max_iter=10000),0.11,0.019,-0.068,0.586,0.011,0.778,0.054,168,0.556,0:00:35.005186,0:00:00.796812,

50,10,2,0.9,LogisticRegression(max_iter=10000),0.134,0.049,-0.039,0.581,0.006,0.754,0.031,168,0.556,0:00:07.103712,0:00:00.796812,

50,10,2,0.85,MultinomialNB(),-1.195,-1.055,-1.142,0.973,0.399,1.629,0.905,138,0.457,0:00:00.007750,0:00:00.582589,

50,10,2,0.85,LinearSVC(max_iter=10000),0.074,-0.026,-0.113,0.609,0.035,0.813,0.09,138,0.457,0:00:25.257896,0:00:00.582589,

50,10,2,0.85,LogisticRegression(max_iter=10000),0.096,-0.018,-0.106,0.601,0.027,0.807,0.084,138,0.457,0:00:05.384504,0:00:00.582589,

50,10,2,0.8,MultinomialNB(),-1.181,-1.09,-1.177,0.979,0.404,1.656,0.933,115,0.381,0:00:00.007356,0:00:00.459534,

50,10,2,0.8,LinearSVC(max_iter=10000),0.052,-0.036,-0.124,0.609,0.035,0.821,0.098,115,0.381,0:00:17.883117,0:00:00.459534,

50,10,2,0.8,LogisticRegression(max_iter=10000),0.07,-0.017,-0.104,0.598,0.023,0.806,0.083,115,0.381,0:00:06.847448,0:00:00.459534,

50,10,2,0.7,MultinomialNB(),-1.286,-1.2,-1.287,1.003,0.429,1.744,1.02,75,0.248,0:00:00.005547,0:00:00.314526,

50,10,2,0.7,LinearSVC(max_iter=10000),0.054,-0.011,-0.098,0.601,0.027,0.801,0.078,75,0.248,0:00:08.063749,0:00:00.314526,

50,10,2,0.7,LogisticRegression(max_iter=10000),0.08,-0.002,-0.089,0.604,0.03,0.794,0.07,75,0.248,0:00:35.737307,0:00:00.314526,

50,10,2,0.6,MultinomialNB(),-1.25,-1.365,-1.452,1.04,0.465,1.874,1.151,37,0.123,0:00:00.003566,0:00:00.289225,

50,10,2,0.6,LinearSVC(max_iter=10000),0.01,-0.061,-0.148,0.608,0.034,0.841,0.117,37,0.123,0:00:03.231581,0:00:00.289225,

50,10,2,0.6,LogisticRegression(max_iter=10000),0.017,-0.018,-0.106,0.589,0.014,0.807,0.084,37,0.123,0:00:01.536398,0:00:00.289225,

50,15,1,1.0,MultinomialNB(),-1.188,-1.074,0.0,0.966,0.0,1.644,0.0,370,1.0,0:00:00.014667,0:00:02.665612,

50,15,1,1.0,LinearSVC(max_iter=10000),0.238,0.076,0.0,0.573,0.0,0.733,0.0,370,1.0,0:02:15.056533,0:00:02.665612,

50,15,1,1.0,LogisticRegression(max_iter=10000),0.249,0.101,0.0,0.567,0.0,0.712,0.0,370,1.0,0:00:24.075429,0:00:02.665612,

50,15,1,0.975,MultinomialNB(),-1.473,-1.284,-1.385,1.031,0.463,1.81,1.098,247,0.668,0:00:00.022541,0:00:01.565052,

50,15,1,0.975,LinearSVC(max_iter=10000),0.186,0.043,-0.058,0.587,0.019,0.758,0.046,247,0.668,0:01:48.995408,0:00:01.565052,

50,15,1,0.975,LogisticRegression(max_iter=10000),0.203,0.074,-0.027,0.579,0.011,0.734,0.021,247,0.668,0:00:12.805359,0:00:01.565052,

50,15,1,0.95,MultinomialNB(),-1.586,-1.392,-1.493,1.057,0.49,1.896,1.184,211,0.57,0:00:00.010987,0:00:01.135085,

50,15,1,0.95,LinearSVC(max_iter=10000),0.171,0.063,-0.039,0.576,0.008,0.743,0.031,211,0.57,0:01:29.774983,0:00:01.135085,

50,15,1,0.95,LogisticRegression(max_iter=10000),0.176,0.077,-0.024,0.577,0.009,0.732,0.019,211,0.57,0:00:35.763717,0:00:01.135085,

50,15,1,0.925,MultinomialNB(),-1.689,-1.516,-1.617,1.08,0.512,1.994,1.282,189,0.511,0:00:00.027874,0:00:01.807305,

50,15,1,0.925,LinearSVC(max_iter=10000),0.146,0.014,-0.088,0.586,0.018,0.782,0.069,189,0.511,0:00:49.817949,0:00:01.807305,

50,15,1,0.925,LogisticRegression(max_iter=10000),0.149,0.049,-0.053,0.587,0.019,0.754,0.042,189,0.511,0:00:19.253387,0:00:01.807305,

50,15,1,0.9,MultinomialNB(),-1.235,-1.074,-1.175,0.977,0.409,1.644,0.932,168,0.454,0:00:00.020583,0:00:00.909794,

50,15,1,0.9,LinearSVC(max_iter=10000),0.11,0.019,-0.082,0.586,0.018,0.778,0.065,168,0.454,0:00:38.288180,0:00:00.909794,

50,15,1,0.9,LogisticRegression(max_iter=10000),0.133,0.049,-0.053,0.581,0.013,0.754,0.042,168,0.454,0:00:10.950328,0:00:00.909794,

50,15,1,0.85,MultinomialNB(),-1.195,-1.055,-1.156,0.973,0.406,1.629,0.916,138,0.373,0:00:00.008912,0:00:00.705018,

50,15,1,0.85,LinearSVC(max_iter=10000),0.074,-0.026,-0.127,0.609,0.042,0.813,0.101,138,0.373,0:00:30.720281,0:00:00.705018,

50,15,1,0.85,LogisticRegression(max_iter=10000),0.095,-0.018,-0.12,0.601,0.034,0.807,0.095,138,0.373,0:00:11.282286,0:00:00.705018,

50,15,1,0.8,MultinomialNB(),-1.181,-1.09,-1.191,0.979,0.411,1.656,0.944,115,0.311,0:00:00.015934,0:00:00.604841,

50,15,1,0.8,LinearSVC(max_iter=10000),0.052,-0.036,-0.138,0.609,0.042,0.821,0.109,115,0.311,0:00:24.761393,0:00:00.604841,

50,15,1,0.8,LogisticRegression(max_iter=10000),0.07,-0.013,-0.115,0.597,0.03,0.803,0.091,115,0.311,0:00:09.926962,0:00:00.604841,

50,15,1,0.7,MultinomialNB(),-1.286,-1.2,-1.302,1.003,0.436,1.744,1.032,75,0.203,0:00:00.005867,0:00:00.499010,

50,15,1,0.7,LinearSVC(max_iter=10000),0.054,-0.011,-0.112,0.601,0.034,0.801,0.089,75,0.203,0:00:12.901783,0:00:00.499010,

50,15,1,0.7,LogisticRegression(max_iter=10000),0.08,-0.002,-0.103,0.604,0.037,0.794,0.082,75,0.203,0:00:10.639155,0:00:00.499010,

50,15,1,0.6,MultinomialNB(),-1.25,-1.365,-1.466,1.04,0.472,1.874,1.162,37,0.1,0:00:00.004817,0:00:00.439552,

50,15,1,0.6,LinearSVC(max_iter=10000),0.01,-0.061,-0.162,0.608,0.041,0.841,0.129,37,0.1,0:00:04.107984,0:00:00.439552,

50,15,1,0.6,LogisticRegression(max_iter=10000),0.016,-0.018,-0.12,0.589,0.021,0.807,0.095,37,0.1,0:00:04.256717,0:00:00.439552,

50,15,2,1.0,MultinomialNB(),-1.25,-1.129,0.0,0.984,0.0,1.688,0.0,328,1.0,0:00:00.016673,0:00:02.191632,

50,15,2,1.0,LinearSVC(max_iter=10000),0.24,0.064,0.0,0.579,0.0,0.742,0.0,328,1.0,0:02:11.586837,0:00:02.191632,

50,15,2,1.0,LogisticRegression(max_iter=10000),0.246,0.088,0.0,0.576,0.0,0.722,0.0,328,1.0,0:00:17.257820,0:00:02.191632,

50,15,2,0.975,MultinomialNB(),-1.473,-1.284,-1.372,1.031,0.455,1.81,1.088,247,0.753,0:00:00.015361,0:00:01.397452,

50,15,2,0.975,LinearSVC(max_iter=10000),0.186,0.043,-0.045,0.587,0.011,0.758,0.036,247,0.753,0:01:14.949301,0:00:01.397452,

50,15,2,0.975,LogisticRegression(max_iter=10000),0.203,0.074,-0.014,0.579,0.003,0.734,0.011,247,0.753,0:00:06.793550,0:00:01.397452,

50,15,2,0.95,MultinomialNB(),-1.586,-1.392,-1.481,1.057,0.482,1.896,1.173,211,0.643,0:00:00.009519,0:00:01.043924,

50,15,2,0.95,LinearSVC(max_iter=10000),0.171,0.063,-0.026,0.576,0.0,0.743,0.02,211,0.643,0:00:45.969425,0:00:01.043924,

50,15,2,0.95,LogisticRegression(max_iter=10000),0.176,0.077,-0.012,0.577,0.001,0.732,0.009,211,0.643,0:00:05.421103,0:00:01.043924,

50,15,2,0.925,MultinomialNB(),-1.689,-1.516,-1.604,1.08,0.504,1.994,1.271,189,0.576,0:00:00.008991,0:00:00.913440,

50,15,2,0.925,LinearSVC(max_iter=10000),0.146,0.014,-0.075,0.586,0.01,0.782,0.059,189,0.576,0:00:39.124877,0:00:00.913440,

50,15,2,0.925,LogisticRegression(max_iter=10000),0.149,0.049,-0.04,0.587,0.011,0.754,0.032,189,0.576,0:00:13.243351,0:00:00.913440,

50,15,2,0.9,MultinomialNB(),-1.235,-1.074,-1.163,0.977,0.401,1.644,0.921,168,0.512,0:00:00.008728,0:00:00.899650,

50,15,2,0.9,LinearSVC(max_iter=10000),0.11,0.019,-0.07,0.586,0.01,0.778,0.055,168,0.512,0:00:38.059969,0:00:00.899650,

50,15,2,0.9,LogisticRegression(max_iter=10000),0.133,0.049,-0.04,0.581,0.005,0.754,0.032,168,0.512,0:00:06.516449,0:00:00.899650,

50,15,2,0.85,MultinomialNB(),-1.195,-1.055,-1.143,0.973,0.398,1.629,0.906,138,0.421,0:00:00.007884,0:00:00.631902,

50,15,2,0.85,LinearSVC(max_iter=10000),0.074,-0.026,-0.115,0.609,0.034,0.813,0.091,138,0.421,0:00:22.693668,0:00:00.631902,

50,15,2,0.85,LogisticRegression(max_iter=10000),0.095,-0.018,-0.107,0.601,0.026,0.807,0.085,138,0.421,0:00:07.199066,0:00:00.631902,

50,15,2,0.8,MultinomialNB(),-1.181,-1.09,-1.178,0.979,0.403,1.656,0.934,115,0.351,0:00:00.007331,0:00:00.517503,

50,15,2,0.8,LinearSVC(max_iter=10000),0.052,-0.036,-0.125,0.609,0.034,0.821,0.099,115,0.351,0:00:17.928106,0:00:00.517503,

50,15,2,0.8,LogisticRegression(max_iter=10000),0.07,-0.013,-0.102,0.597,0.021,0.803,0.081,115,0.351,0:00:05.454594,0:00:00.517503,

50,15,2,0.7,MultinomialNB(),-1.286,-1.2,-1.289,1.003,0.428,1.744,1.021,75,0.229,0:00:00.005673,0:00:00.353658,

50,15,2,0.7,LinearSVC(max_iter=10000),0.054,-0.011,-0.099,0.601,0.026,0.801,0.079,75,0.229,0:00:09.352556,0:00:00.353658,

50,15,2,0.7,LogisticRegression(max_iter=10000),0.08,-0.002,-0.09,0.604,0.029,0.794,0.071,75,0.229,0:00:05.917123,0:00:00.353658,

50,15,2,0.6,MultinomialNB(),-1.25,-1.365,-1.454,1.04,0.464,1.874,1.152,37,0.113,0:00:00.003563,0:00:00.291796,

50,15,2,0.6,LinearSVC(max_iter=10000),0.01,-0.061,-0.149,0.608,0.033,0.841,0.118,37,0.113,0:00:03.075756,0:00:00.291796,

50,15,2,0.6,LogisticRegression(max_iter=10000),0.016,-0.018,-0.107,0.589,0.013,0.807,0.085,37,0.113,0:00:02.918792,0:00:00.291796,

100,5,1,1.0,MultinomialNB(),-1.01,-0.813,0.0,0.914,0.0,1.437,0.0,216,1.0,0:00:00.010194,0:00:01.022477,

100,5,1,1.0,LinearSVC(max_iter=10000),0.185,0.042,0.0,0.59,0.0,0.759,0.0,216,1.0,0:01:01.426238,0:00:01.022477,

100,5,1,1.0,LogisticRegression(max_iter=10000),0.189,0.052,0.0,0.602,0.0,0.751,0.0,216,1.0,0:00:06.636326,0:00:01.022477,

100,5,1,0.975,MultinomialNB(),-1.076,-0.918,-0.971,0.937,0.335,1.52,0.769,176,0.815,0:00:00.014033,0:00:00.781720,

100,5,1,0.975,LinearSVC(max_iter=10000),0.13,0.051,-0.001,0.587,-0.015,0.752,0.001,176,0.815,0:00:37.395772,0:00:00.781720,

100,5,1,0.975,LogisticRegression(max_iter=10000),0.153,0.058,0.005,0.592,-0.01,0.747,-0.004,176,0.815,0:00:04.994163,0:00:00.781720,

100,5,1,0.95,MultinomialNB(),-1.075,-0.957,-1.009,0.943,0.341,1.551,0.8,159,0.736,0:00:00.008050,0:00:00.660134,

100,5,1,0.95,LinearSVC(max_iter=10000),0.126,0.049,-0.004,0.583,-0.019,0.754,0.003,159,0.736,0:00:25.702521,0:00:00.660134,

100,5,1,0.95,LogisticRegression(max_iter=10000),0.147,0.051,-0.001,0.597,-0.005,0.752,0.001,159,0.736,0:00:04.517601,0:00:00.660134,

100,5,1,0.925,MultinomialNB(),-1.073,-0.921,-0.973,0.931,0.329,1.522,0.771,142,0.657,0:00:00.007517,0:00:00.525714,

100,5,1,0.925,LinearSVC(max_iter=10000),0.116,-0.003,-0.055,0.603,0.001,0.795,0.044,142,0.657,0:00:23.957582,0:00:00.525714,

100,5,1,0.925,LogisticRegression(max_iter=10000),0.123,0.023,-0.03,0.601,-0.001,0.774,0.023,142,0.657,0:00:03.818171,0:00:00.525714,

100,5,1,0.9,MultinomialNB(),-1.127,-0.998,-1.051,0.951,0.349,1.584,0.833,133,0.616,0:00:00.028154,0:00:00.613174,

100,5,1,0.9,LinearSVC(max_iter=10000),0.101,0.024,-0.028,0.596,-0.006,0.773,0.022,133,0.616,0:00:24.138700,0:00:00.613174,

100,5,1,0.9,LogisticRegression(max_iter=10000),0.119,0.041,-0.012,0.595,-0.007,0.76,0.009,133,0.616,0:00:08.347876,0:00:00.613174,

100,5,1,0.85,MultinomialNB(),-1.204,-1.071,-1.124,0.974,0.372,1.642,0.891,111,0.514,0:00:00.007089,0:00:00.403017,

100,5,1,0.85,LinearSVC(max_iter=10000),0.07,0.004,-0.049,0.602,0.0,0.79,0.039,111,0.514,0:00:20.377835,0:00:00.403017,

100,5,1,0.85,LogisticRegression(max_iter=10000),0.084,0.01,-0.042,0.603,0.001,0.785,0.034,111,0.514,0:00:05.406556,0:00:00.403017,

100,5,1,0.8,MultinomialNB(),-1.216,-1.12,-1.173,0.983,0.381,1.681,0.93,92,0.426,0:00:00.005838,0:00:00.330855,

100,5,1,0.8,LinearSVC(max_iter=10000),0.055,-0.035,-0.088,0.608,0.006,0.82,0.069,92,0.426,0:00:14.985044,0:00:00.330855,

100,5,1,0.8,LogisticRegression(max_iter=10000),0.054,-0.007,-0.059,0.606,0.004,0.798,0.047,92,0.426,0:00:04.590145,0:00:00.330855,

100,5,1,0.7,MultinomialNB(),-1.321,-1.199,-1.251,1.002,0.4,1.743,0.992,65,0.301,0:00:00.004710,0:00:00.252885,

100,5,1,0.7,LinearSVC(max_iter=10000),0.058,-0.005,-0.058,0.601,-0.001,0.797,0.046,65,0.301,0:00:07.753111,0:00:00.252885,

100,5,1,0.7,LogisticRegression(max_iter=10000),0.067,0.001,-0.051,0.602,0.0,0.792,0.041,65,0.301,0:00:03.671057,0:00:00.252885,

100,5,1,0.6,MultinomialNB(),-1.615,-1.603,-1.656,1.104,0.502,2.063,1.312,31,0.144,0:00:00.003486,0:00:00.221410,

100,5,1,0.6,LinearSVC(max_iter=10000),0.019,-0.026,-0.079,0.591,-0.011,0.813,0.062,31,0.144,0:00:02.536400,0:00:00.221410,

100,5,1,0.6,LogisticRegression(max_iter=10000),0.016,-0.008,-0.061,0.581,-0.021,0.799,0.048,31,0.144,0:00:05.239730,0:00:00.221410,

100,5,2,1.0,MultinomialNB(),-0.939,-0.777,0.0,0.898,0.0,1.408,0.0,145,1.0,0:00:00.007752,0:00:00.575666,

100,5,2,1.0,LinearSVC(max_iter=10000),0.137,0.046,0.0,0.591,0.0,0.756,0.0,145,1.0,0:00:30.304273,0:00:00.575666,

100,5,2,1.0,LogisticRegression(max_iter=10000),0.161,0.023,0.0,0.603,0.0,0.774,0.0,145,1.0,0:00:07.125593,0:00:00.575666,

100,5,2,0.975,MultinomialNB(),-0.986,-0.815,-0.838,0.91,0.307,1.439,0.664,124,0.855,0:00:00.007619,0:00:00.372707,

100,5,2,0.975,LinearSVC(max_iter=10000),0.1,0.014,-0.009,0.602,-0.001,0.782,0.007,124,0.855,0:00:17.604248,0:00:00.372707,

100,5,2,0.975,LogisticRegression(max_iter=10000),0.118,0.031,0.008,0.601,-0.002,0.768,-0.006,124,0.855,0:00:08.195141,0:00:00.372707,

100,5,2,0.95,MultinomialNB(),-1.022,-0.877,-0.9,0.924,0.321,1.488,0.713,112,0.772,0:00:00.006530,0:00:00.336907,

100,5,2,0.95,LinearSVC(max_iter=10000),0.107,0.023,0.0,0.593,-0.01,0.774,0.0,112,0.772,0:00:18.208454,0:00:00.336907,

100,5,2,0.95,LogisticRegression(max_iter=10000),0.126,0.041,0.018,0.597,-0.006,0.76,-0.014,112,0.772,0:00:05.752772,0:00:00.336907,

100,5,2,0.925,MultinomialNB(),-1.075,-0.899,-0.922,0.932,0.329,1.505,0.731,103,0.71,0:00:00.006220,0:00:00.299919,

100,5,2,0.925,LinearSVC(max_iter=10000),0.112,0.001,-0.022,0.6,-0.003,0.792,0.017,103,0.71,0:00:16.642484,0:00:00.299919,

100,5,2,0.925,LogisticRegression(max_iter=10000),0.122,0.032,0.009,0.592,-0.011,0.767,-0.007,103,0.71,0:00:04.260407,0:00:00.299919,

100,5,2,0.9,MultinomialNB(),-1.114,-0.948,-0.971,0.946,0.343,1.544,0.769,95,0.655,0:00:00.005842,0:00:00.276481,

100,5,2,0.9,LinearSVC(max_iter=10000),0.088,0.01,-0.013,0.595,-0.008,0.785,0.01,95,0.655,0:00:11.444781,0:00:00.276481,

100,5,2,0.9,LogisticRegression(max_iter=10000),0.098,-0.012,-0.035,0.612,0.009,0.802,0.028,95,0.655,0:00:05.829878,0:00:00.276481,

100,5,2,0.85,MultinomialNB(),-1.201,-1.055,-1.078,0.967,0.364,1.629,0.854,83,0.572,0:00:00.005474,0:00:00.219175,

100,5,2,0.85,LinearSVC(max_iter=10000),0.065,0.002,-0.021,0.599,-0.004,0.791,0.016,83,0.572,0:00:16.209907,0:00:00.219175,

100,5,2,0.85,LogisticRegression(max_iter=10000),0.069,-0.017,-0.04,0.62,0.017,0.806,0.032,83,0.572,0:00:08.574552,0:00:00.219175,

100,5,2,0.8,MultinomialNB(),-1.267,-1.136,-1.159,0.985,0.382,1.693,0.918,74,0.51,0:00:00.004908,0:00:00.216353,

100,5,2,0.8,LinearSVC(max_iter=10000),0.057,0.002,-0.021,0.601,-0.002,0.791,0.016,74,0.51,0:00:08.844770,0:00:00.216353,

100,5,2,0.8,LogisticRegression(max_iter=10000),0.062,-0.0,-0.023,0.609,0.006,0.793,0.018,74,0.51,0:00:10.297787,0:00:00.216353,

100,5,2,0.7,MultinomialNB(),-1.381,-1.238,-1.26,1.01,0.407,1.773,0.999,53,0.366,0:00:00.004179,0:00:00.184033,

100,5,2,0.7,LinearSVC(max_iter=10000),0.061,-0.0,-0.023,0.599,-0.004,0.793,0.018,53,0.366,0:00:05.956766,0:00:00.184033,

100,5,2,0.7,LogisticRegression(max_iter=10000),0.058,0.009,-0.014,0.602,-0.001,0.786,0.011,53,0.366,0:00:05.033487,0:00:00.184033,

100,5,2,0.6,MultinomialNB(),-1.662,-1.634,-1.657,1.11,0.507,2.088,1.313,26,0.179,0:00:00.003735,0:00:00.143887,

100,5,2,0.6,LinearSVC(max_iter=10000),0.017,-0.018,-0.041,0.589,-0.014,0.807,0.033,26,0.179,0:00:01.801016,0:00:00.143887,

100,5,2,0.6,LogisticRegression(max_iter=10000),0.014,-0.007,-0.03,0.582,-0.021,0.798,0.023,26,0.179,0:00:01.784937,0:00:00.143887,

100,10,1,1.0,MultinomialNB(),-1.16,-1.043,0.0,0.962,0.0,1.619,0.0,376,1.0,0:00:00.032250,0:00:03.073403,

100,10,1,1.0,LinearSVC(max_iter=10000),0.258,0.076,0.0,0.576,0.0,0.733,0.0,376,1.0,0:02:25.628503,0:00:03.073403,

100,10,1,1.0,LogisticRegression(max_iter=10000),0.246,0.101,0.0,0.567,0.0,0.712,0.0,376,1.0,0:00:27.184890,0:00:03.073403,

100,10,1,0.975,MultinomialNB(),-1.473,-1.284,-1.385,1.031,0.463,1.81,1.098,247,0.657,0:00:00.011727,0:00:01.413580,

100,10,1,0.975,LinearSVC(max_iter=10000),0.186,0.043,-0.058,0.587,0.019,0.758,0.046,247,0.657,0:01:07.245745,0:00:01.413580,

100,10,1,0.975,LogisticRegression(max_iter=10000),0.203,0.076,-0.026,0.578,0.01,0.733,0.02,247,0.657,0:00:15.401399,0:00:01.413580,

100,10,1,0.95,MultinomialNB(),-1.586,-1.392,-1.493,1.057,0.49,1.896,1.184,211,0.561,0:00:00.010994,0:00:01.164418,

100,10,1,0.95,LinearSVC(max_iter=10000),0.171,0.063,-0.039,0.576,0.008,0.743,0.031,211,0.561,0:01:00.453367,0:00:01.164418,

100,10,1,0.95,LogisticRegression(max_iter=10000),0.176,0.081,-0.021,0.576,0.008,0.729,0.016,211,0.561,0:00:12.629488,0:00:01.164418,

100,10,1,0.925,MultinomialNB(),-1.689,-1.516,-1.617,1.08,0.512,1.994,1.282,189,0.503,0:00:00.009064,0:00:00.984030,

100,10,1,0.925,LinearSVC(max_iter=10000),0.146,0.014,-0.088,0.586,0.018,0.782,0.069,189,0.503,0:00:52.268446,0:00:00.984030,

100,10,1,0.925,LogisticRegression(max_iter=10000),0.149,0.047,-0.054,0.588,0.02,0.755,0.043,189,0.503,0:00:08.704293,0:00:00.984030,

100,10,1,0.9,MultinomialNB(),-1.235,-1.074,-1.175,0.977,0.409,1.644,0.932,168,0.447,0:00:00.007985,0:00:00.854476,

100,10,1,0.9,LinearSVC(max_iter=10000),0.11,0.019,-0.082,0.586,0.018,0.778,0.065,168,0.447,0:00:43.760439,0:00:00.854476,

100,10,1,0.9,LogisticRegression(max_iter=10000),0.133,0.049,-0.053,0.581,0.013,0.754,0.042,168,0.447,0:00:05.935125,0:00:00.854476,

100,10,1,0.85,MultinomialNB(),-1.195,-1.055,-1.156,0.973,0.406,1.629,0.916,138,0.367,0:00:00.007389,0:00:00.689355,

100,10,1,0.85,LinearSVC(max_iter=10000),0.074,-0.026,-0.127,0.609,0.042,0.813,0.101,138,0.367,0:00:30.254202,0:00:00.689355,

100,10,1,0.85,LogisticRegression(max_iter=10000),0.096,-0.018,-0.12,0.601,0.034,0.807,0.095,138,0.367,0:00:09.643959,0:00:00.689355,

100,10,1,0.8,MultinomialNB(),-1.181,-1.09,-1.191,0.979,0.411,1.656,0.944,115,0.306,0:00:00.007265,0:00:00.561559,

100,10,1,0.8,LinearSVC(max_iter=10000),0.052,-0.036,-0.138,0.609,0.042,0.821,0.109,115,0.306,0:00:20.321835,0:00:00.561559,

100,10,1,0.8,LogisticRegression(max_iter=10000),0.07,-0.017,-0.118,0.598,0.031,0.806,0.094,115,0.306,0:00:08.191412,0:00:00.561559,

100,10,1,0.7,MultinomialNB(),-1.286,-1.2,-1.302,1.003,0.436,1.744,1.032,75,0.199,0:00:00.006376,0:00:00.535487,

100,10,1,0.7,LinearSVC(max_iter=10000),0.054,-0.011,-0.112,0.601,0.034,0.801,0.089,75,0.199,0:00:09.176904,0:00:00.535487,

100,10,1,0.7,LogisticRegression(max_iter=10000),0.081,-0.004,-0.106,0.604,0.037,0.796,0.084,75,0.199,0:00:05.539880,0:00:00.535487,

100,10,1,0.6,MultinomialNB(),-1.25,-1.365,-1.466,1.04,0.472,1.874,1.162,37,0.098,0:00:00.004032,0:00:00.382070,

100,10,1,0.6,LinearSVC(max_iter=10000),0.01,-0.061,-0.162,0.608,0.041,0.841,0.129,37,0.098,0:00:03.589340,0:00:00.382070,

100,10,1,0.6,LogisticRegression(max_iter=10000),0.016,-0.018,-0.12,0.589,0.021,0.807,0.095,37,0.098,0:00:02.541707,0:00:00.382070,

100,10,2,1.0,MultinomialNB(),-1.229,-1.102,0.0,0.977,0.0,1.666,0.0,335,1.0,0:00:00.015090,0:00:02.207397,

100,10,2,1.0,LinearSVC(max_iter=10000),0.245,0.079,0.0,0.577,0.0,0.73,0.0,335,1.0,0:02:13.744322,0:00:02.207397,

100,10,2,1.0,LogisticRegression(max_iter=10000),0.246,0.095,0.0,0.57,0.0,0.717,0.0,335,1.0,0:00:15.644153,0:00:02.207397,

100,10,2,0.975,MultinomialNB(),-1.481,-1.293,-1.388,1.034,0.463,1.817,1.1,245,0.731,0:00:00.011587,0:00:01.452419,

100,10,2,0.975,LinearSVC(max_iter=10000),0.182,0.047,-0.048,0.584,0.013,0.755,0.038,245,0.731,0:01:23.538437,0:00:01.452419,

100,10,2,0.975,LogisticRegression(max_iter=10000),0.202,0.077,-0.018,0.577,0.006,0.732,0.014,245,0.731,0:00:12.328354,0:00:01.452419,

100,10,2,0.95,MultinomialNB(),-1.586,-1.392,-1.487,1.057,0.487,1.896,1.179,211,0.63,0:00:00.011519,0:00:01.115471,

100,10,2,0.95,LinearSVC(max_iter=10000),0.171,0.063,-0.032,0.576,0.005,0.743,0.026,211,0.63,0:00:58.297900,0:00:01.115471,

100,10,2,0.95,LogisticRegression(max_iter=10000),0.176,0.081,-0.014,0.576,0.005,0.729,0.011,211,0.63,0:00:07.641854,0:00:01.115471,

100,10,2,0.925,MultinomialNB(),-1.689,-1.516,-1.611,1.08,0.509,1.994,1.277,189,0.564,0:00:00.008643,0:00:00.920097,

100,10,2,0.925,LinearSVC(max_iter=10000),0.146,0.014,-0.081,0.586,0.015,0.782,0.064,189,0.564,0:00:42.843945,0:00:00.920097,

100,10,2,0.925,LogisticRegression(max_iter=10000),0.149,0.047,-0.048,0.588,0.017,0.755,0.038,189,0.564,0:00:08.797548,0:00:00.920097,

100,10,2,0.9,MultinomialNB(),-1.235,-1.074,-1.169,0.977,0.406,1.644,0.927,168,0.501,0:00:00.009945,0:00:00.849401,

100,10,2,0.9,LinearSVC(max_iter=10000),0.11,0.019,-0.076,0.586,0.015,0.778,0.06,168,0.501,0:00:43.263252,0:00:00.849401,

100,10,2,0.9,LogisticRegression(max_iter=10000),0.133,0.049,-0.046,0.581,0.01,0.754,0.037,168,0.501,0:00:09.477618,0:00:00.849401,

100,10,2,0.85,MultinomialNB(),-1.195,-1.055,-1.15,0.973,0.403,1.629,0.911,138,0.412,0:00:00.007773,0:00:00.690366,

100,10,2,0.85,LinearSVC(max_iter=10000),0.074,-0.026,-0.121,0.609,0.039,0.813,0.096,138,0.412,0:00:28.357604,0:00:00.690366,

100,10,2,0.85,LogisticRegression(max_iter=10000),0.096,-0.018,-0.113,0.601,0.031,0.807,0.09,138,0.412,0:00:23.025873,0:00:00.690366,

100,10,2,0.8,MultinomialNB(),-1.181,-1.09,-1.184,0.979,0.408,1.656,0.939,115,0.343,0:00:00.018683,0:00:00.629712,

100,10,2,0.8,LinearSVC(max_iter=10000),0.052,-0.036,-0.131,0.609,0.039,0.821,0.104,115,0.343,0:00:27.711665,0:00:00.629712,

100,10,2,0.8,LogisticRegression(max_iter=10000),0.07,-0.017,-0.112,0.598,0.028,0.806,0.089,115,0.343,0:00:13.393993,0:00:00.629712,

100,10,2,0.7,MultinomialNB(),-1.286,-1.2,-1.295,1.003,0.433,1.744,1.027,75,0.224,0:00:00.006251,0:00:00.492958,

100,10,2,0.7,LinearSVC(max_iter=10000),0.054,-0.011,-0.106,0.601,0.031,0.801,0.084,75,0.224,0:00:14.799739,0:00:00.492958,

100,10,2,0.7,LogisticRegression(max_iter=10000),0.081,-0.004,-0.099,0.604,0.034,0.796,0.079,75,0.224,0:00:09.793422,0:00:00.492958,

100,10,2,0.6,MultinomialNB(),-1.25,-1.365,-1.46,1.04,0.469,1.874,1.157,37,0.11,0:00:00.005174,0:00:00.372524,

100,10,2,0.6,LinearSVC(max_iter=10000),0.01,-0.061,-0.156,0.608,0.038,0.841,0.123,37,0.11,0:00:03.713152,0:00:00.372524,

100,10,2,0.6,LogisticRegression(max_iter=10000),0.016,-0.018,-0.113,0.589,0.018,0.807,0.09,37,0.11,0:00:02.945060,0:00:00.372524,

100,15,1,1.0,MultinomialNB(),-1.125,-0.972,0.0,0.943,0.0,1.563,0.0,402,1.0,0:00:00.029482,0:00:04.387256,

100,15,1,1.0,LinearSVC(max_iter=10000),0.247,0.087,0.0,0.57,0.0,0.723,0.0,402,1.0,0:02:37.898245,0:00:04.387256,

100,15,1,1.0,LogisticRegression(max_iter=10000),0.25,0.095,0.0,0.57,0.0,0.717,0.0,402,1.0,0:00:17.000456,0:00:04.387256,

100,15,1,0.975,MultinomialNB(),-1.473,-1.284,-1.379,1.031,0.46,1.81,1.093,247,0.614,0:00:00.011747,0:00:01.353623,

100,15,1,0.975,LinearSVC(max_iter=10000),0.186,0.043,-0.051,0.587,0.016,0.758,0.041,247,0.614,0:01:06.595684,0:00:01.353623,

100,15,1,0.975,LogisticRegression(max_iter=10000),0.203,0.076,-0.019,0.578,0.007,0.733,0.015,247,0.614,0:00:06.556539,0:00:01.353623,

100,15,1,0.95,MultinomialNB(),-1.586,-1.392,-1.487,1.057,0.487,1.896,1.179,211,0.525,0:00:00.010310,0:00:01.162186,

100,15,1,0.95,LinearSVC(max_iter=10000),0.171,0.063,-0.032,0.576,0.005,0.743,0.026,211,0.525,0:00:56.852354,0:00:01.162186,

100,15,1,0.95,LogisticRegression(max_iter=10000),0.176,0.083,-0.012,0.573,0.003,0.727,0.009,211,0.525,0:00:07.692866,0:00:01.162186,

100,15,1,0.925,MultinomialNB(),-1.689,-1.516,-1.611,1.08,0.509,1.994,1.277,189,0.47,0:00:00.009304,0:00:00.968907,

100,15,1,0.925,LinearSVC(max_iter=10000),0.146,0.014,-0.081,0.586,0.015,0.782,0.064,189,0.47,0:00:52.517246,0:00:00.968907,

100,15,1,0.925,LogisticRegression(max_iter=10000),0.149,0.046,-0.049,0.589,0.018,0.756,0.039,189,0.47,0:00:09.631943,0:00:00.968907,

100,15,1,0.9,MultinomialNB(),-1.235,-1.074,-1.169,0.977,0.406,1.644,0.927,168,0.418,0:00:00.008020,0:00:00.890833,

100,15,1,0.9,LinearSVC(max_iter=10000),0.11,0.019,-0.076,0.586,0.015,0.778,0.06,168,0.418,0:00:37.122205,0:00:00.890833,

100,15,1,0.9,LogisticRegression(max_iter=10000),0.132,0.049,-0.046,0.581,0.01,0.754,0.037,168,0.418,0:00:09.916372,0:00:00.890833,

100,15,1,0.85,MultinomialNB(),-1.195,-1.055,-1.15,0.973,0.403,1.629,0.911,138,0.343,0:00:00.006802,0:00:00.686900,

100,15,1,0.85,LinearSVC(max_iter=10000),0.074,-0.026,-0.121,0.609,0.039,0.813,0.096,138,0.343,0:00:28.628382,0:00:00.686900,

100,15,1,0.85,LogisticRegression(max_iter=10000),0.096,-0.018,-0.113,0.601,0.031,0.807,0.09,138,0.343,0:00:06.732497,0:00:00.686900,

100,15,1,0.8,MultinomialNB(),-1.181,-1.09,-1.184,0.979,0.408,1.656,0.939,115,0.286,0:00:00.006961,0:00:00.565621,

100,15,1,0.8,LinearSVC(max_iter=10000),0.052,-0.036,-0.131,0.609,0.039,0.821,0.104,115,0.286,0:00:19.076494,0:00:00.565621,

100,15,1,0.8,LogisticRegression(max_iter=10000),0.07,-0.017,-0.112,0.598,0.028,0.806,0.089,115,0.286,0:00:05.873757,0:00:00.565621,

100,15,1,0.7,MultinomialNB(),-1.286,-1.2,-1.295,1.003,0.433,1.744,1.027,75,0.187,0:00:00.004893,0:00:00.431562,

100,15,1,0.7,LinearSVC(max_iter=10000),0.054,-0.011,-0.106,0.601,0.031,0.801,0.084,75,0.187,0:00:09.486740,0:00:00.431562,

100,15,1,0.7,LogisticRegression(max_iter=10000),0.08,-0.005,-0.1,0.605,0.035,0.797,0.08,75,0.187,0:00:03.298441,0:00:00.431562,

100,15,1,0.6,MultinomialNB(),-1.25,-1.365,-1.46,1.04,0.469,1.874,1.157,37,0.092,0:00:00.003769,0:00:00.405940,

100,15,1,0.6,LinearSVC(max_iter=10000),0.01,-0.061,-0.156,0.608,0.038,0.841,0.123,37,0.092,0:00:03.070082,0:00:00.405940,

100,15,1,0.6,LogisticRegression(max_iter=10000),0.016,-0.018,-0.113,0.589,0.018,0.807,0.09,37,0.092,0:00:02.133826,0:00:00.405940,

100,15,2,1.0,MultinomialNB(),-1.187,-1.055,0.0,0.963,0.0,1.629,0.0,366,1.0,0:00:00.015977,0:00:02.564694,

100,15,2,1.0,LinearSVC(max_iter=10000),0.242,0.094,0.0,0.569,0.0,0.718,0.0,366,1.0,0:02:08.648609,0:00:02.564694,

100,15,2,1.0,LogisticRegression(max_iter=10000),0.253,0.105,0.0,0.564,0.0,0.709,0.0,366,1.0,0:00:11.423008,0:00:02.564694,

100,15,2,0.975,MultinomialNB(),-1.473,-1.284,-1.389,1.031,0.466,1.81,1.101,247,0.675,0:00:00.011765,0:00:01.395187,

100,15,2,0.975,LinearSVC(max_iter=10000),0.186,0.043,-0.062,0.587,0.022,0.758,0.049,247,0.675,0:01:19.422959,0:00:01.395187,

100,15,2,0.975,LogisticRegression(max_iter=10000),0.203,0.076,-0.03,0.578,0.013,0.733,0.023,247,0.675,0:00:08.730443,0:00:01.395187,

100,15,2,0.95,MultinomialNB(),-1.586,-1.392,-1.497,1.057,0.493,1.896,1.187,211,0.577,0:00:00.010205,0:00:01.087901,

100,15,2,0.95,LinearSVC(max_iter=10000),0.171,0.063,-0.042,0.576,0.011,0.743,0.034,211,0.577,0:00:52.550169,0:00:01.087901,

100,15,2,0.95,LogisticRegression(max_iter=10000),0.176,0.083,-0.022,0.573,0.009,0.727,0.017,211,0.577,0:00:05.590974,0:00:01.087901,

100,15,2,0.925,MultinomialNB(),-1.689,-1.516,-1.621,1.08,0.515,1.994,1.285,189,0.516,0:00:00.009248,0:00:00.955571,

100,15,2,0.925,LinearSVC(max_iter=10000),0.146,0.014,-0.091,0.586,0.021,0.782,0.072,189,0.516,0:00:46.371010,0:00:00.955571,

100,15,2,0.925,LogisticRegression(max_iter=10000),0.149,0.046,-0.059,0.589,0.024,0.756,0.047,189,0.516,0:00:04.695883,0:00:00.955571,

100,15,2,0.9,MultinomialNB(),-1.235,-1.074,-1.179,0.977,0.412,1.644,0.935,168,0.459,0:00:00.008117,0:00:00.873902,

100,15,2,0.9,LinearSVC(max_iter=10000),0.11,0.019,-0.086,0.586,0.021,0.778,0.068,168,0.459,0:00:35.031447,0:00:00.873902,

100,15,2,0.9,LogisticRegression(max_iter=10000),0.132,0.049,-0.057,0.581,0.016,0.754,0.045,168,0.459,0:00:08.893418,0:00:00.873902,

100,15,2,0.85,MultinomialNB(),-1.195,-1.055,-1.16,0.973,0.409,1.629,0.919,138,0.377,0:00:00.006982,0:00:00.637888,

100,15,2,0.85,LinearSVC(max_iter=10000),0.074,-0.026,-0.131,0.609,0.045,0.813,0.104,138,0.377,0:00:23.595235,0:00:00.637888,

100,15,2,0.85,LogisticRegression(max_iter=10000),0.096,-0.018,-0.124,0.601,0.037,0.807,0.098,138,0.377,0:00:07.232498,0:00:00.637888,

100,15,2,0.8,MultinomialNB(),-1.181,-1.09,-1.195,0.979,0.414,1.656,0.947,115,0.314,0:00:00.007546,0:00:00.524798,

100,15,2,0.8,LinearSVC(max_iter=10000),0.052,-0.036,-0.142,0.609,0.045,0.821,0.112,115,0.314,0:00:19.016143,0:00:00.524798,

100,15,2,0.8,LogisticRegression(max_iter=10000),0.07,-0.017,-0.122,0.598,0.034,0.806,0.097,115,0.314,0:00:06.148349,0:00:00.524798,

100,15,2,0.7,MultinomialNB(),-1.286,-1.2,-1.305,1.003,0.439,1.744,1.035,75,0.205,0:00:00.005109,0:00:00.425459,

100,15,2,0.7,LinearSVC(max_iter=10000),0.054,-0.011,-0.116,0.601,0.037,0.801,0.092,75,0.205,0:00:09.644593,0:00:00.425459,

100,15,2,0.7,LogisticRegression(max_iter=10000),0.08,-0.005,-0.111,0.605,0.041,0.797,0.088,75,0.205,0:00:03.233486,0:00:00.425459,

100,15,2,0.6,MultinomialNB(),-1.25,-1.365,-1.47,1.04,0.476,1.874,1.165,37,0.101,0:00:00.003776,0:00:00.371578,

100,15,2,0.6,LinearSVC(max_iter=10000),0.01,-0.061,-0.166,0.608,0.044,0.841,0.132,37,0.101,0:00:03.394534,0:00:00.371578,

100,15,2,0.6,LogisticRegression(max_iter=10000),0.016,-0.018,-0.124,0.589,0.024,0.807,0.098,37,0.101,0:00:02.112981,0:00:00.371578,

