Forest Size, Forest Depth, Patterns threshold, Edges Threshold, Learner, Train Accuracy, Test Accuracy, Test Accuracy (gain), F1_macro, F1_macro (gain), F1_micro, ROC_AUC, ROC_AUC (gain), Patterns Count, Patterns Ratio, Training Time, Pruning Time

Forest Size, Forest Depth, Patterns threshold, Edges Threshold, Learner, Train Accuracy, Test Accuracy, Test Accuracy (gain), F1_macro, F1_macro (gain), F1_micro, ROC_AUC, ROC_AUC (gain), Patterns Count, Patterns Ratio, Training Time, Pruning Time

25,5,1,1.0,MultinomialNB(),0.702,0.71,0.0,0.706,0.0,0.71,0,0,128,1.0,0:00:00.039613,0:00:02.759750,

25,5,1,1.0,LinearSVC(max_iter=10000),0.88,0.886,0.0,0.884,0.0,0.886,0,0,128,1.0,0:00:41.966260,0:00:02.759750,

25,5,1,1.0,LogisticRegression(max_iter=10000),0.905,0.913,0.0,0.911,0.0,0.913,0,0,128,1.0,0:01:04.369666,0:00:02.759750,

25,5,1,0.975,MultinomialNB(),0.697,0.707,-0.205,0.703,-0.208,0.707,0,0,113,0.883,0:00:00.036691,0:00:02.332301,

25,5,1,0.975,LinearSVC(max_iter=10000),0.873,0.878,-0.034,0.877,-0.035,0.878,0,0,113,0.883,0:00:37.016314,0:00:02.332301,

25,5,1,0.975,LogisticRegression(max_iter=10000),0.899,0.907,-0.006,0.905,-0.006,0.907,0,0,113,0.883,0:01:02.864303,0:00:02.332301,

25,5,1,0.95,MultinomialNB(),0.698,0.706,-0.206,0.702,-0.209,0.706,0,0,100,0.781,0:00:00.035763,0:00:01.888043,

25,5,1,0.95,LinearSVC(max_iter=10000),0.865,0.869,-0.044,0.867,-0.044,0.869,0,0,100,0.781,0:00:34.312252,0:00:01.888043,

25,5,1,0.95,LogisticRegression(max_iter=10000),0.891,0.898,-0.015,0.897,-0.014,0.898,0,0,100,0.781,0:00:56.185339,0:00:01.888043,

25,5,1,0.925,MultinomialNB(),0.688,0.694,-0.218,0.689,-0.222,0.694,0,0,85,0.664,0:00:00.104237,0:00:04.069429,

25,5,1,0.925,LinearSVC(max_iter=10000),0.847,0.853,-0.059,0.851,-0.061,0.853,0,0,85,0.664,0:00:29.439870,0:00:04.069429,

25,5,1,0.925,LogisticRegression(max_iter=10000),0.877,0.883,-0.029,0.881,-0.03,0.883,0,0,85,0.664,0:00:47.734746,0:00:04.069429,

25,5,1,0.9,MultinomialNB(),0.673,0.678,-0.235,0.672,-0.239,0.678,0,0,76,0.594,0:00:00.029693,0:00:01.242056,

25,5,1,0.9,LinearSVC(max_iter=10000),0.831,0.837,-0.075,0.834,-0.077,0.837,0,0,76,0.594,0:00:25.742780,0:00:01.242056,

25,5,1,0.9,LogisticRegression(max_iter=10000),0.861,0.867,-0.046,0.865,-0.046,0.867,0,0,76,0.594,0:00:45.081229,0:00:01.242056,

25,5,1,0.85,MultinomialNB(),0.652,0.661,-0.251,0.655,-0.256,0.661,0,0,62,0.484,0:00:00.026547,0:00:00.974490,

25,5,1,0.85,LinearSVC(max_iter=10000),0.803,0.811,-0.102,0.807,-0.104,0.811,0,0,62,0.484,0:00:19.770234,0:00:00.974490,

25,5,1,0.85,LogisticRegression(max_iter=10000),0.837,0.839,-0.073,0.837,-0.075,0.839,0,0,62,0.484,0:00:30.592628,0:00:00.974490,

25,5,1,0.8,MultinomialNB(),0.641,0.652,-0.26,0.648,-0.263,0.652,0,0,48,0.375,0:00:00.022980,0:00:00.889621,

25,5,1,0.8,LinearSVC(max_iter=10000),0.758,0.772,-0.141,0.766,-0.145,0.772,0,0,48,0.375,0:00:15.654179,0:00:00.889621,

25,5,1,0.8,LogisticRegression(max_iter=10000),0.792,0.8,-0.112,0.797,-0.114,0.8,0,0,48,0.375,0:00:24.132329,0:00:00.889621,

25,5,1,0.7,MultinomialNB(),0.505,0.514,-0.398,0.494,-0.418,0.514,0,0,27,0.211,0:00:00.018711,0:00:00.752855,

25,5,1,0.7,LinearSVC(max_iter=10000),0.623,0.629,-0.284,0.611,-0.3,0.629,0,0,27,0.211,0:00:08.660536,0:00:00.752855,

25,5,1,0.7,LogisticRegression(max_iter=10000),0.657,0.666,-0.247,0.658,-0.253,0.666,0,0,27,0.211,0:00:15.489329,0:00:00.752855,

25,5,1,0.6,MultinomialNB(),0.36,0.369,-0.544,0.326,-0.585,0.369,0,0,11,0.086,0:00:00.013500,0:00:00.694613,

25,5,1,0.6,LinearSVC(max_iter=10000),0.406,0.413,-0.5,0.375,-0.536,0.413,0,0,11,0.086,0:00:04.039809,0:00:00.694613,

25,5,1,0.6,LogisticRegression(max_iter=10000),0.437,0.448,-0.465,0.43,-0.481,0.448,0,0,11,0.086,0:00:06.479265,0:00:00.694613,

25,5,2,1.0,MultinomialNB(),0.696,0.704,0.0,0.698,0.0,0.704,0,0,92,1.0,0:00:00.036481,0:00:01.406801,

25,5,2,1.0,LinearSVC(max_iter=10000),0.85,0.859,0.0,0.857,0.0,0.859,0,0,92,1.0,0:00:34.429725,0:00:01.406801,

25,5,2,1.0,LogisticRegression(max_iter=10000),0.876,0.886,0.0,0.885,0.0,0.886,0,0,92,1.0,0:00:59.233199,0:00:01.406801,

25,5,2,0.975,MultinomialNB(),0.695,0.703,-0.183,0.697,-0.187,0.703,0,0,87,0.946,0:00:00.032620,0:00:01.227945,

25,5,2,0.975,LinearSVC(max_iter=10000),0.847,0.856,-0.03,0.854,-0.031,0.856,0,0,87,0.946,0:00:32.213146,0:00:01.227945,

25,5,2,0.975,LogisticRegression(max_iter=10000),0.874,0.885,-0.001,0.884,-0.001,0.885,0,0,87,0.946,0:00:48.439587,0:00:01.227945,

25,5,2,0.95,MultinomialNB(),0.695,0.705,-0.181,0.699,-0.186,0.705,0,0,82,0.891,0:00:00.031520,0:00:01.119379,

25,5,2,0.95,LinearSVC(max_iter=10000),0.842,0.851,-0.035,0.849,-0.036,0.851,0,0,82,0.891,0:00:27.753032,0:00:01.119379,

25,5,2,0.95,LogisticRegression(max_iter=10000),0.869,0.875,-0.011,0.873,-0.011,0.875,0,0,82,0.891,0:00:44.626021,0:00:01.119379,

25,5,2,0.925,MultinomialNB(),0.684,0.693,-0.193,0.686,-0.199,0.693,0,0,71,0.772,0:00:00.028684,0:00:00.859490,

25,5,2,0.925,LinearSVC(max_iter=10000),0.826,0.836,-0.05,0.834,-0.051,0.836,0,0,71,0.772,0:00:22.685118,0:00:00.859490,

25,5,2,0.925,LogisticRegression(max_iter=10000),0.859,0.865,-0.021,0.864,-0.021,0.865,0,0,71,0.772,0:01:04.700368,0:00:00.859490,

25,5,2,0.9,MultinomialNB(),0.67,0.674,-0.212,0.668,-0.216,0.674,0,0,63,0.685,0:00:00.028620,0:00:00.834381,

25,5,2,0.9,LinearSVC(max_iter=10000),0.811,0.821,-0.065,0.818,-0.067,0.821,0,0,63,0.685,0:00:24.172338,0:00:00.834381,

25,5,2,0.9,LogisticRegression(max_iter=10000),0.844,0.85,-0.036,0.849,-0.036,0.85,0,0,63,0.685,0:00:45.723076,0:00:00.834381,

25,5,2,0.85,MultinomialNB(),0.652,0.662,-0.224,0.655,-0.229,0.662,0,0,50,0.543,0:00:00.023905,0:00:00.635452,

25,5,2,0.85,LinearSVC(max_iter=10000),0.777,0.787,-0.099,0.783,-0.102,0.787,0,0,50,0.543,0:00:16.316395,0:00:00.635452,

25,5,2,0.85,LogisticRegression(max_iter=10000),0.815,0.819,-0.067,0.816,-0.068,0.819,0,0,50,0.543,0:00:28.847748,0:00:00.635452,

25,5,2,0.8,MultinomialNB(),0.636,0.646,-0.24,0.641,-0.243,0.646,0,0,40,0.435,0:00:00.022590,0:00:00.595100,

25,5,2,0.8,LinearSVC(max_iter=10000),0.742,0.754,-0.132,0.748,-0.136,0.754,0,0,40,0.435,0:00:12.258952,0:00:00.595100,

25,5,2,0.8,LogisticRegression(max_iter=10000),0.78,0.791,-0.095,0.788,-0.096,0.791,0,0,40,0.435,0:00:24.332356,0:00:00.595100,

25,5,2,0.7,MultinomialNB(),0.487,0.5,-0.386,0.48,-0.405,0.5,0,0,22,0.239,0:00:00.016138,0:00:00.450044,

25,5,2,0.7,LinearSVC(max_iter=10000),0.589,0.593,-0.293,0.57,-0.315,0.593,0,0,22,0.239,0:00:07.001487,0:00:00.450044,

25,5,2,0.7,LogisticRegression(max_iter=10000),0.624,0.628,-0.258,0.619,-0.265,0.628,0,0,22,0.239,0:00:11.849546,0:00:00.450044,

25,5,2,0.6,MultinomialNB(),0.322,0.33,-0.556,0.288,-0.596,0.33,0,0,8,0.087,0:00:00.014286,0:00:00.424290,

25,5,2,0.6,LinearSVC(max_iter=10000),0.333,0.33,-0.556,0.286,-0.599,0.33,0,0,8,0.087,0:00:02.664068,0:00:00.424290,

25,5,2,0.6,LogisticRegression(max_iter=10000),0.363,0.366,-0.52,0.341,-0.544,0.366,0,0,8,0.087,0:00:04.874753,0:00:00.424290,

25,10,1,1.0,MultinomialNB(),0.696,0.702,0.0,0.698,0.0,0.702,0,0,202,1.0,0:00:00.064952,0:00:06.540497,

25,10,1,1.0,LinearSVC(max_iter=10000),0.902,0.905,0.0,0.904,0.0,0.905,0,0,202,1.0,0:01:44.206223,0:00:06.540497,

25,10,1,1.0,LogisticRegression(max_iter=10000),0.924,0.929,0.0,0.928,0.0,0.929,0,0,202,1.0,0:03:29.977951,0:00:06.540497,

25,10,1,0.975,MultinomialNB(),0.689,0.695,-0.234,0.691,-0.237,0.695,0,0,143,0.708,0:00:00.047912,0:00:03.774916,

25,10,1,0.975,LinearSVC(max_iter=10000),0.89,0.896,-0.033,0.895,-0.033,0.896,0,0,143,0.708,0:01:02.809464,0:00:03.774916,

25,10,1,0.975,LogisticRegression(max_iter=10000),0.914,0.921,-0.008,0.919,-0.009,0.921,0,0,143,0.708,0:02:30.534723,0:00:03.774916,

25,10,1,0.95,MultinomialNB(),0.686,0.693,-0.236,0.689,-0.239,0.693,0,0,122,0.604,0:00:00.041118,0:00:02.940645,

25,10,1,0.95,LinearSVC(max_iter=10000),0.879,0.884,-0.045,0.882,-0.046,0.884,0,0,122,0.604,0:00:50.469794,0:00:02.940645,

25,10,1,0.95,LogisticRegression(max_iter=10000),0.905,0.91,-0.019,0.909,-0.019,0.91,0,0,122,0.604,0:01:22.395282,0:00:02.940645,

25,10,1,0.925,MultinomialNB(),0.678,0.689,-0.24,0.684,-0.244,0.689,0,0,103,0.51,0:00:00.063147,0:00:02.338292,

25,10,1,0.925,LinearSVC(max_iter=10000),0.86,0.864,-0.065,0.862,-0.066,0.864,0,0,103,0.51,0:00:39.621204,0:00:02.338292,

25,10,1,0.925,LogisticRegression(max_iter=10000),0.89,0.893,-0.036,0.891,-0.037,0.893,0,0,103,0.51,0:00:58.340549,0:00:02.338292,

25,10,1,0.9,MultinomialNB(),0.667,0.678,-0.251,0.672,-0.256,0.678,0,0,92,0.455,0:00:00.034291,0:00:01.978273,

25,10,1,0.9,LinearSVC(max_iter=10000),0.842,0.844,-0.085,0.841,-0.086,0.844,0,0,92,0.455,0:00:37.673002,0:00:01.978273,

25,10,1,0.9,LogisticRegression(max_iter=10000),0.874,0.878,-0.051,0.877,-0.051,0.878,0,0,92,0.455,0:00:54.346574,0:00:01.978273,

25,10,1,0.85,MultinomialNB(),0.642,0.65,-0.279,0.644,-0.284,0.65,0,0,74,0.366,0:00:00.029707,0:00:01.482321,

25,10,1,0.85,LinearSVC(max_iter=10000),0.812,0.817,-0.112,0.813,-0.114,0.817,0,0,74,0.366,0:00:25.794635,0:00:01.482321,

25,10,1,0.85,LogisticRegression(max_iter=10000),0.847,0.845,-0.084,0.843,-0.084,0.845,0,0,74,0.366,0:00:40.212572,0:00:01.482321,

25,10,1,0.8,MultinomialNB(),0.629,0.637,-0.292,0.632,-0.296,0.637,0,0,59,0.292,0:00:00.026259,0:00:01.249191,

25,10,1,0.8,LinearSVC(max_iter=10000),0.77,0.779,-0.15,0.774,-0.154,0.779,0,0,59,0.292,0:00:21.455576,0:00:01.249191,

25,10,1,0.8,LogisticRegression(max_iter=10000),0.805,0.812,-0.117,0.809,-0.118,0.812,0,0,59,0.292,0:00:29.469363,0:00:01.249191,

25,10,1,0.7,MultinomialNB(),0.498,0.507,-0.422,0.486,-0.442,0.507,0,0,34,0.168,0:00:00.019702,0:00:01.060264,

25,10,1,0.7,LinearSVC(max_iter=10000),0.635,0.639,-0.29,0.622,-0.305,0.639,0,0,34,0.168,0:00:11.020767,0:00:01.060264,

25,10,1,0.7,LogisticRegression(max_iter=10000),0.67,0.673,-0.256,0.666,-0.262,0.673,0,0,34,0.168,0:00:16.928402,0:00:01.060264,

25,10,1,0.6,MultinomialNB(),0.362,0.374,-0.555,0.342,-0.586,0.374,0,0,13,0.064,0:00:00.014549,0:00:00.971470,

25,10,1,0.6,LinearSVC(max_iter=10000),0.408,0.417,-0.512,0.376,-0.552,0.417,0,0,13,0.064,0:00:05.195131,0:00:00.971470,

25,10,1,0.6,LogisticRegression(max_iter=10000),0.436,0.451,-0.478,0.434,-0.494,0.451,0,0,13,0.064,0:00:06.054362,0:00:00.971470,

25,10,2,1.0,MultinomialNB(),0.697,0.703,0.0,0.699,0.0,0.703,0,0,186,1.0,0:00:00.056927,0:00:05.762473,

25,10,2,1.0,LinearSVC(max_iter=10000),0.901,0.904,0.0,0.903,0.0,0.904,0,0,186,1.0,0:01:31.996103,0:00:05.762473,

25,10,2,1.0,LogisticRegression(max_iter=10000),0.923,0.929,0.0,0.927,0.0,0.929,0,0,186,1.0,0:01:47.392840,0:00:05.762473,

25,10,2,0.975,MultinomialNB(),0.69,0.696,-0.233,0.692,-0.235,0.696,0,0,142,0.763,0:00:00.047652,0:00:03.660755,

25,10,2,0.975,LinearSVC(max_iter=10000),0.89,0.896,-0.032,0.895,-0.032,0.896,0,0,142,0.763,0:00:58.635212,0:00:03.660755,

25,10,2,0.975,LogisticRegression(max_iter=10000),0.914,0.92,-0.008,0.919,-0.008,0.92,0,0,142,0.763,0:02:52.570108,0:00:03.660755,

25,10,2,0.95,MultinomialNB(),0.686,0.693,-0.235,0.689,-0.238,0.693,0,0,122,0.656,0:00:00.044016,0:00:02.904336,

25,10,2,0.95,LinearSVC(max_iter=10000),0.879,0.884,-0.045,0.882,-0.045,0.884,0,0,122,0.656,0:00:51.410733,0:00:02.904336,

25,10,2,0.95,LogisticRegression(max_iter=10000),0.905,0.91,-0.019,0.909,-0.019,0.91,0,0,122,0.656,0:01:08.486883,0:00:02.904336,

25,10,2,0.925,MultinomialNB(),0.678,0.689,-0.239,0.684,-0.243,0.689,0,0,103,0.554,0:00:00.039135,0:00:02.192163,

25,10,2,0.925,LinearSVC(max_iter=10000),0.86,0.864,-0.065,0.862,-0.065,0.864,0,0,103,0.554,0:00:37.811941,0:00:02.192163,

25,10,2,0.925,LogisticRegression(max_iter=10000),0.89,0.893,-0.036,0.891,-0.036,0.893,0,0,103,0.554,0:00:54.459190,0:00:02.192163,

25,10,2,0.9,MultinomialNB(),0.667,0.678,-0.251,0.672,-0.255,0.678,0,0,92,0.495,0:00:00.037179,0:00:01.912566,

25,10,2,0.9,LinearSVC(max_iter=10000),0.842,0.844,-0.085,0.841,-0.086,0.844,0,0,92,0.495,0:00:33.036294,0:00:01.912566,

25,10,2,0.9,LogisticRegression(max_iter=10000),0.874,0.878,-0.05,0.877,-0.051,0.878,0,0,92,0.495,0:00:49.308819,0:00:01.912566,

25,10,2,0.85,MultinomialNB(),0.642,0.65,-0.278,0.644,-0.283,0.65,0,0,74,0.398,0:00:00.029695,0:00:01.446034,

25,10,2,0.85,LinearSVC(max_iter=10000),0.812,0.817,-0.112,0.813,-0.114,0.817,0,0,74,0.398,0:00:27.101889,0:00:01.446034,

25,10,2,0.85,LogisticRegression(max_iter=10000),0.847,0.845,-0.083,0.843,-0.084,0.845,0,0,74,0.398,0:00:42.001601,0:00:01.446034,

25,10,2,0.8,MultinomialNB(),0.629,0.637,-0.291,0.632,-0.296,0.637,0,0,59,0.317,0:00:00.027907,0:00:01.213329,

25,10,2,0.8,LinearSVC(max_iter=10000),0.77,0.779,-0.149,0.774,-0.153,0.779,0,0,59,0.317,0:00:24.065455,0:00:01.213329,

25,10,2,0.8,LogisticRegression(max_iter=10000),0.805,0.812,-0.117,0.809,-0.118,0.812,0,0,59,0.317,0:00:34.916461,0:00:01.213329,

25,10,2,0.7,MultinomialNB(),0.498,0.507,-0.422,0.486,-0.441,0.507,0,0,34,0.183,0:00:00.021182,0:00:01.013863,

25,10,2,0.7,LinearSVC(max_iter=10000),0.635,0.639,-0.289,0.622,-0.305,0.639,0,0,34,0.183,0:00:12.145691,0:00:01.013863,

25,10,2,0.7,LogisticRegression(max_iter=10000),0.67,0.673,-0.256,0.666,-0.261,0.673,0,0,34,0.183,0:00:19.689624,0:00:01.013863,

25,10,2,0.6,MultinomialNB(),0.362,0.374,-0.554,0.342,-0.585,0.374,0,0,13,0.07,0:00:00.014565,0:00:00.935251,

25,10,2,0.6,LinearSVC(max_iter=10000),0.408,0.417,-0.512,0.376,-0.551,0.417,0,0,13,0.07,0:00:05.019464,0:00:00.935251,

25,10,2,0.6,LogisticRegression(max_iter=10000),0.436,0.451,-0.478,0.434,-0.494,0.451,0,0,13,0.07,0:00:06.181543,0:00:00.935251,

25,15,1,1.0,MultinomialNB(),0.697,0.703,0.0,0.7,0.0,0.703,0,0,213,1.0,0:00:00.064542,0:00:07.385385,

25,15,1,1.0,LinearSVC(max_iter=10000),0.903,0.906,0.0,0.905,0.0,0.906,0,0,213,1.0,0:02:03.482211,0:00:07.385385,

25,15,1,1.0,LogisticRegression(max_iter=10000),0.925,0.93,0.0,0.929,0.0,0.93,0,0,213,1.0,0:02:11.457411,0:00:07.385385,

25,15,1,0.975,MultinomialNB(),0.689,0.695,-0.235,0.691,-0.238,0.695,0,0,143,0.671,0:00:00.051673,0:00:04.384010,

25,15,1,0.975,LinearSVC(max_iter=10000),0.89,0.896,-0.034,0.895,-0.034,0.896,0,0,143,0.671,0:01:06.999790,0:00:04.384010,

25,15,1,0.975,LogisticRegression(max_iter=10000),0.914,0.921,-0.009,0.919,-0.01,0.921,0,0,143,0.671,0:01:12.722224,0:00:04.384010,

25,15,1,0.95,MultinomialNB(),0.686,0.693,-0.237,0.689,-0.24,0.693,0,0,122,0.573,0:00:00.047922,0:00:03.303938,

25,15,1,0.95,LinearSVC(max_iter=10000),0.879,0.884,-0.046,0.882,-0.047,0.884,0,0,122,0.573,0:00:55.142314,0:00:03.303938,

25,15,1,0.95,LogisticRegression(max_iter=10000),0.905,0.91,-0.02,0.909,-0.02,0.91,0,0,122,0.573,0:01:05.811243,0:00:03.303938,

25,15,1,0.925,MultinomialNB(),0.678,0.689,-0.241,0.684,-0.245,0.689,0,0,103,0.484,0:00:00.042773,0:00:02.690117,

25,15,1,0.925,LinearSVC(max_iter=10000),0.86,0.864,-0.066,0.862,-0.067,0.864,0,0,103,0.484,0:00:45.703088,0:00:02.690117,

25,15,1,0.925,LogisticRegression(max_iter=10000),0.89,0.893,-0.037,0.891,-0.038,0.893,0,0,103,0.484,0:00:49.277238,0:00:02.690117,

25,15,1,0.9,MultinomialNB(),0.667,0.678,-0.252,0.672,-0.257,0.678,0,0,92,0.432,0:00:00.037426,0:00:02.358984,

25,15,1,0.9,LinearSVC(max_iter=10000),0.842,0.844,-0.086,0.841,-0.088,0.844,0,0,92,0.432,0:00:37.801717,0:00:02.358984,

25,15,1,0.9,LogisticRegression(max_iter=10000),0.874,0.878,-0.052,0.877,-0.052,0.878,0,0,92,0.432,0:00:45.880537,0:00:02.358984,

25,15,1,0.85,MultinomialNB(),0.642,0.65,-0.28,0.644,-0.285,0.65,0,0,74,0.347,0:00:00.032594,0:00:01.808926,

25,15,1,0.85,LinearSVC(max_iter=10000),0.812,0.817,-0.113,0.813,-0.116,0.817,0,0,74,0.347,0:00:30.905922,0:00:01.808926,

25,15,1,0.85,LogisticRegression(max_iter=10000),0.847,0.845,-0.085,0.843,-0.085,0.845,0,0,74,0.347,0:00:33.608112,0:00:01.808926,

25,15,1,0.8,MultinomialNB(),0.629,0.637,-0.293,0.632,-0.297,0.637,0,0,59,0.277,0:00:00.030175,0:00:01.571151,

25,15,1,0.8,LinearSVC(max_iter=10000),0.77,0.779,-0.151,0.774,-0.155,0.779,0,0,59,0.277,0:00:21.091582,0:00:01.571151,

25,15,1,0.8,LogisticRegression(max_iter=10000),0.805,0.812,-0.118,0.809,-0.119,0.812,0,0,59,0.277,0:00:29.411115,0:00:01.571151,

25,15,1,0.7,MultinomialNB(),0.498,0.507,-0.423,0.486,-0.443,0.507,0,0,34,0.16,0:00:00.024469,0:00:01.335448,

25,15,1,0.7,LinearSVC(max_iter=10000),0.635,0.639,-0.291,0.622,-0.306,0.639,0,0,34,0.16,0:00:13.413663,0:00:01.335448,

25,15,1,0.7,LogisticRegression(max_iter=10000),0.67,0.673,-0.257,0.666,-0.263,0.673,0,0,34,0.16,0:00:14.933468,0:00:01.335448,

25,15,1,0.6,MultinomialNB(),0.362,0.374,-0.556,0.342,-0.587,0.374,0,0,13,0.061,0:00:00.016690,0:00:01.278870,

25,15,1,0.6,LinearSVC(max_iter=10000),0.408,0.417,-0.513,0.376,-0.553,0.417,0,0,13,0.061,0:00:04.872867,0:00:01.278870,

25,15,1,0.6,LogisticRegression(max_iter=10000),0.436,0.451,-0.479,0.434,-0.495,0.451,0,0,13,0.061,0:00:04.558370,0:00:01.278870,

25,15,2,1.0,MultinomialNB(),0.697,0.702,0.0,0.699,0.0,0.702,0,0,198,1.0,0:00:00.064633,0:00:06.851473,

25,15,2,1.0,LinearSVC(max_iter=10000),0.903,0.905,0.0,0.904,0.0,0.905,0,0,198,1.0,0:01:56.718313,0:00:06.851473,

25,15,2,1.0,LogisticRegression(max_iter=10000),0.925,0.929,0.0,0.928,0.0,0.929,0,0,198,1.0,0:01:47.219015,0:00:06.851473,

25,15,2,0.975,MultinomialNB(),0.689,0.695,-0.235,0.691,-0.237,0.695,0,0,143,0.722,0:00:00.051628,0:00:04.223562,

25,15,2,0.975,LinearSVC(max_iter=10000),0.89,0.896,-0.033,0.895,-0.034,0.896,0,0,143,0.722,0:01:05.892190,0:00:04.223562,

25,15,2,0.975,LogisticRegression(max_iter=10000),0.914,0.921,-0.009,0.919,-0.009,0.921,0,0,143,0.722,0:01:13.268501,0:00:04.223562,

25,15,2,0.95,MultinomialNB(),0.686,0.693,-0.236,0.689,-0.239,0.693,0,0,122,0.616,0:00:00.047266,0:00:03.200536,

25,15,2,0.95,LinearSVC(max_iter=10000),0.879,0.884,-0.046,0.882,-0.046,0.884,0,0,122,0.616,0:00:52.046648,0:00:03.200536,

25,15,2,0.95,LogisticRegression(max_iter=10000),0.905,0.91,-0.019,0.909,-0.019,0.91,0,0,122,0.616,0:44:33.916421,0:00:03.200536,

25,15,2,0.925,MultinomialNB(),0.678,0.689,-0.24,0.684,-0.244,0.689,0,0,103,0.52,0:00:00.037331,0:00:02.255271,

25,15,2,0.925,LinearSVC(max_iter=10000),0.86,0.864,-0.065,0.862,-0.066,0.864,0,0,103,0.52,0:00:38.254437,0:00:02.255271,

25,15,2,0.925,LogisticRegression(max_iter=10000),0.89,0.893,-0.037,0.891,-0.037,0.893,0,0,103,0.52,0:00:55.044510,0:00:02.255271,

25,15,2,0.9,MultinomialNB(),0.667,0.678,-0.252,0.672,-0.256,0.678,0,0,92,0.465,0:00:00.033753,0:00:01.994363,

25,15,2,0.9,LinearSVC(max_iter=10000),0.842,0.844,-0.085,0.841,-0.087,0.844,0,0,92,0.465,0:00:35.629998,0:00:01.994363,

25,15,2,0.9,LogisticRegression(max_iter=10000),0.874,0.878,-0.051,0.877,-0.052,0.878,0,0,92,0.465,0:00:51.777314,0:00:01.994363,

25,15,2,0.85,MultinomialNB(),0.642,0.65,-0.279,0.644,-0.284,0.65,0,0,74,0.374,0:00:00.032901,0:00:01.501490,

25,15,2,0.85,LinearSVC(max_iter=10000),0.812,0.817,-0.113,0.813,-0.115,0.817,0,0,74,0.374,0:00:27.825026,0:00:01.501490,

25,15,2,0.85,LogisticRegression(max_iter=10000),0.847,0.845,-0.084,0.843,-0.085,0.845,0,0,74,0.374,0:00:38.695992,0:00:01.501490,

25,15,2,0.8,MultinomialNB(),0.629,0.637,-0.292,0.632,-0.296,0.637,0,0,59,0.298,0:00:00.027021,0:00:01.252028,

25,15,2,0.8,LinearSVC(max_iter=10000),0.77,0.779,-0.15,0.774,-0.154,0.779,0,0,59,0.298,0:00:21.055764,0:00:01.252028,

25,15,2,0.8,LogisticRegression(max_iter=10000),0.805,0.812,-0.117,0.809,-0.119,0.812,0,0,59,0.298,0:00:32.531195,0:00:01.252028,

25,15,2,0.7,MultinomialNB(),0.498,0.507,-0.422,0.486,-0.442,0.507,0,0,34,0.172,0:00:00.019525,0:00:01.051583,

25,15,2,0.7,LinearSVC(max_iter=10000),0.635,0.639,-0.29,0.622,-0.306,0.639,0,0,34,0.172,0:00:12.273564,0:00:01.051583,

25,15,2,0.7,LogisticRegression(max_iter=10000),0.67,0.673,-0.257,0.666,-0.262,0.673,0,0,34,0.172,0:00:16.939809,0:00:01.051583,

25,15,2,0.6,MultinomialNB(),0.362,0.374,-0.555,0.342,-0.586,0.374,0,0,13,0.066,0:00:00.014468,0:00:00.975020,

25,15,2,0.6,LinearSVC(max_iter=10000),0.408,0.417,-0.513,0.376,-0.552,0.417,0,0,13,0.066,0:00:05.098446,0:00:00.975020,

25,15,2,0.6,LogisticRegression(max_iter=10000),0.436,0.451,-0.479,0.434,-0.495,0.451,0,0,13,0.066,0:00:06.291869,0:00:00.975020,

50,5,1,1.0,MultinomialNB(),0.698,0.705,0.0,0.7,0.0,0.705,0,0,155,1.0,0:00:00.049801,0:00:04.071624,

50,5,1,1.0,LinearSVC(max_iter=10000),0.893,0.901,0.0,0.899,0.0,0.901,0,0,155,1.0,0:01:05.130260,0:00:04.071624,

50,5,1,1.0,LogisticRegression(max_iter=10000),0.915,0.922,0.0,0.921,0.0,0.922,0,0,155,1.0,0:01:37.081293,0:00:04.071624,

50,5,1,0.975,MultinomialNB(),0.695,0.702,-0.22,0.698,-0.223,0.702,0,0,129,0.832,0:00:00.068673,0:00:03.221622,

50,5,1,0.975,LinearSVC(max_iter=10000),0.887,0.894,-0.028,0.893,-0.028,0.894,0,0,129,0.832,0:01:00.715562,0:00:03.221622,

50,5,1,0.975,LogisticRegression(max_iter=10000),0.91,0.917,-0.005,0.915,-0.005,0.917,0,0,129,0.832,0:01:29.029147,0:00:03.221622,

50,5,1,0.95,MultinomialNB(),0.691,0.697,-0.225,0.693,-0.227,0.697,0,0,112,0.723,0:00:00.044775,0:00:02.989765,

50,5,1,0.95,LinearSVC(max_iter=10000),0.875,0.88,-0.042,0.878,-0.043,0.88,0,0,112,0.723,0:00:47.830769,0:00:02.989765,

50,5,1,0.95,LogisticRegression(max_iter=10000),0.901,0.907,-0.015,0.906,-0.015,0.907,0,0,112,0.723,0:01:23.062405,0:00:02.989765,

50,5,1,0.925,MultinomialNB(),0.679,0.692,-0.23,0.687,-0.234,0.692,0,0,98,0.632,0:00:00.038673,0:00:02.186933,

50,5,1,0.925,LinearSVC(max_iter=10000),0.858,0.86,-0.062,0.858,-0.062,0.86,0,0,98,0.632,0:00:39.517491,0:00:02.186933,

50,5,1,0.925,LogisticRegression(max_iter=10000),0.889,0.893,-0.029,0.892,-0.029,0.893,0,0,98,0.632,0:00:47.451195,0:00:02.186933,

50,5,1,0.9,MultinomialNB(),0.67,0.679,-0.243,0.673,-0.247,0.679,0,0,87,0.561,0:00:00.036834,0:00:01.801271,

50,5,1,0.9,LinearSVC(max_iter=10000),0.841,0.842,-0.08,0.839,-0.081,0.842,0,0,87,0.561,0:00:35.848918,0:00:01.801271,

50,5,1,0.9,LogisticRegression(max_iter=10000),0.871,0.878,-0.044,0.876,-0.045,0.878,0,0,87,0.561,0:00:42.342163,0:00:01.801271,

50,5,1,0.85,MultinomialNB(),0.644,0.654,-0.268,0.647,-0.273,0.654,0,0,70,0.452,0:00:00.032079,0:00:01.352933,

50,5,1,0.85,LinearSVC(max_iter=10000),0.81,0.816,-0.106,0.813,-0.108,0.816,0,0,70,0.452,0:00:28.013276,0:00:01.352933,

50,5,1,0.85,LogisticRegression(max_iter=10000),0.846,0.844,-0.078,0.842,-0.079,0.844,0,0,70,0.452,0:00:29.930519,0:00:01.352933,

50,5,1,0.8,MultinomialNB(),0.632,0.639,-0.283,0.634,-0.287,0.639,0,0,56,0.361,0:00:00.030666,0:00:01.214874,

50,5,1,0.8,LinearSVC(max_iter=10000),0.768,0.778,-0.144,0.773,-0.147,0.778,0,0,56,0.361,0:00:22.178407,0:00:01.214874,

50,5,1,0.8,LogisticRegression(max_iter=10000),0.805,0.813,-0.109,0.811,-0.11,0.813,0,0,56,0.361,0:00:26.440251,0:00:01.214874,

50,5,1,0.7,MultinomialNB(),0.498,0.509,-0.413,0.487,-0.433,0.509,0,0,33,0.213,0:00:00.023900,0:00:01.037897,

50,5,1,0.7,LinearSVC(max_iter=10000),0.635,0.638,-0.284,0.621,-0.3,0.638,0,0,33,0.213,0:00:12.875179,0:00:01.037897,

50,5,1,0.7,LogisticRegression(max_iter=10000),0.669,0.672,-0.25,0.665,-0.256,0.672,0,0,33,0.213,0:00:15.496364,0:00:01.037897,

50,5,1,0.6,MultinomialNB(),0.362,0.374,-0.548,0.342,-0.579,0.374,0,0,13,0.084,0:00:00.017152,0:00:00.925242,

50,5,1,0.6,LinearSVC(max_iter=10000),0.408,0.417,-0.505,0.376,-0.544,0.417,0,0,13,0.084,0:00:05.377412,0:00:00.925242,

50,5,1,0.6,LogisticRegression(max_iter=10000),0.436,0.451,-0.471,0.434,-0.487,0.451,0,0,13,0.084,0:00:04.384229,0:00:00.925242,

50,5,2,1.0,MultinomialNB(),0.699,0.708,0.0,0.704,0.0,0.708,0,0,120,1.0,0:00:00.048405,0:00:02.838480,

50,5,2,1.0,LinearSVC(max_iter=10000),0.879,0.887,0.0,0.885,0.0,0.887,0,0,120,1.0,0:00:55.040215,0:00:02.838480,

50,5,2,1.0,LogisticRegression(max_iter=10000),0.902,0.906,0.0,0.905,0.0,0.906,0,0,120,1.0,0:01:01.870725,0:00:02.838480,

50,5,2,0.975,MultinomialNB(),0.697,0.707,-0.199,0.703,-0.202,0.707,0,0,111,0.925,0:00:00.042108,0:00:02.379526,

50,5,2,0.975,LinearSVC(max_iter=10000),0.876,0.883,-0.023,0.882,-0.023,0.883,0,0,111,0.925,0:00:43.388605,0:00:02.379526,

50,5,2,0.975,LogisticRegression(max_iter=10000),0.9,0.904,-0.002,0.903,-0.002,0.904,0,0,111,0.925,0:00:54.594944,0:00:02.379526,

50,5,2,0.95,MultinomialNB(),0.694,0.704,-0.203,0.699,-0.206,0.704,0,0,101,0.842,0:00:00.039598,0:00:02.054566,

50,5,2,0.95,LinearSVC(max_iter=10000),0.869,0.875,-0.031,0.874,-0.031,0.875,0,0,101,0.842,0:00:44.133952,0:00:02.054566,

50,5,2,0.95,LogisticRegression(max_iter=10000),0.895,0.901,-0.006,0.899,-0.006,0.901,0,0,101,0.842,0:00:48.936411,0:00:02.054566,

50,5,2,0.925,MultinomialNB(),0.682,0.692,-0.214,0.687,-0.218,0.692,0,0,87,0.725,0:00:00.037944,0:00:01.579151,

50,5,2,0.925,LinearSVC(max_iter=10000),0.851,0.853,-0.053,0.851,-0.054,0.853,0,0,87,0.725,0:00:29.722841,0:00:01.579151,

50,5,2,0.925,LogisticRegression(max_iter=10000),0.881,0.885,-0.021,0.883,-0.021,0.885,0,0,87,0.725,0:00:44.806147,0:00:01.579151,

50,5,2,0.9,MultinomialNB(),0.67,0.679,-0.227,0.673,-0.231,0.679,0,0,77,0.642,0:00:00.035435,0:00:01.306799,

50,5,2,0.9,LinearSVC(max_iter=10000),0.832,0.836,-0.07,0.833,-0.072,0.836,0,0,77,0.642,0:00:27.156797,0:00:01.306799,

50,5,2,0.9,LogisticRegression(max_iter=10000),0.864,0.87,-0.037,0.868,-0.037,0.87,0,0,77,0.642,0:00:58.179243,0:00:01.306799,

50,5,2,0.85,MultinomialNB(),0.644,0.654,-0.252,0.648,-0.257,0.654,0,0,63,0.525,0:00:00.031332,0:00:01.027241,

50,5,2,0.85,LinearSVC(max_iter=10000),0.804,0.812,-0.095,0.809,-0.096,0.812,0,0,63,0.525,0:00:23.286866,0:00:01.027241,

50,5,2,0.85,LogisticRegression(max_iter=10000),0.838,0.839,-0.067,0.837,-0.068,0.839,0,0,63,0.525,0:00:28.295225,0:00:01.027241,

50,5,2,0.8,MultinomialNB(),0.632,0.642,-0.264,0.637,-0.268,0.642,0,0,50,0.417,0:00:00.027443,0:00:00.767271,

50,5,2,0.8,LinearSVC(max_iter=10000),0.762,0.774,-0.133,0.769,-0.136,0.774,0,0,50,0.417,0:00:18.359623,0:00:00.767271,

50,5,2,0.8,LogisticRegression(max_iter=10000),0.798,0.806,-0.1,0.804,-0.101,0.806,0,0,50,0.417,0:00:23.822924,0:00:00.767271,

50,5,2,0.7,MultinomialNB(),0.496,0.503,-0.403,0.482,-0.423,0.503,0,0,27,0.225,0:00:00.021413,0:00:00.656317,

50,5,2,0.7,LinearSVC(max_iter=10000),0.62,0.624,-0.282,0.607,-0.298,0.624,0,0,27,0.225,0:00:09.236669,0:00:00.656317,

50,5,2,0.7,LogisticRegression(max_iter=10000),0.651,0.655,-0.251,0.647,-0.257,0.655,0,0,27,0.225,0:00:13.506977,0:00:00.656317,

50,5,2,0.6,MultinomialNB(),0.361,0.373,-0.534,0.339,-0.566,0.373,0,0,11,0.092,0:00:00.015991,0:00:00.673665,

50,5,2,0.6,LinearSVC(max_iter=10000),0.397,0.404,-0.502,0.359,-0.545,0.404,0,0,11,0.092,0:00:04.230483,0:00:00.673665,

50,5,2,0.6,LogisticRegression(max_iter=10000),0.426,0.433,-0.473,0.414,-0.491,0.433,0,0,11,0.092,0:00:04.079685,0:00:00.673665,

50,10,1,1.0,MultinomialNB(),0.697,0.703,0.0,0.7,0.0,0.703,0,0,212,1.0,0:00:00.070517,0:00:07.913373,

50,10,1,1.0,LinearSVC(max_iter=10000),0.903,0.905,0.0,0.904,0.0,0.905,0,0,212,1.0,0:07:20.507720,0:00:07.913373,

50,10,1,1.0,LogisticRegression(max_iter=10000),0.925,0.929,0.0,0.928,0.0,0.929,0,0,212,1.0,0:03:05.340330,0:00:07.913373,

50,10,1,0.975,MultinomialNB(),0.689,0.695,-0.235,0.691,-0.237,0.695,0,0,143,0.675,0:00:00.046533,0:00:03.833705,

50,10,1,0.975,LinearSVC(max_iter=10000),0.89,0.896,-0.033,0.895,-0.033,0.896,0,0,143,0.675,0:00:55.783850,0:00:03.833705,

50,10,1,0.975,LogisticRegression(max_iter=10000),0.914,0.921,-0.009,0.919,-0.009,0.921,0,0,143,0.675,0:01:36.499842,0:00:03.833705,

50,10,1,0.95,MultinomialNB(),0.686,0.693,-0.236,0.689,-0.239,0.693,0,0,122,0.575,0:00:00.059730,0:00:03.434171,

50,10,1,0.95,LinearSVC(max_iter=10000),0.879,0.884,-0.046,0.882,-0.046,0.884,0,0,122,0.575,0:00:51.333904,0:00:03.434171,

50,10,1,0.95,LogisticRegression(max_iter=10000),0.905,0.91,-0.019,0.909,-0.019,0.91,0,0,122,0.575,0:01:25.669356,0:00:03.434171,

50,10,1,0.925,MultinomialNB(),0.678,0.689,-0.24,0.684,-0.244,0.689,0,0,103,0.486,0:00:00.036285,0:00:02.354464,

50,10,1,0.925,LinearSVC(max_iter=10000),0.86,0.864,-0.065,0.862,-0.066,0.864,0,0,103,0.486,0:00:40.141156,0:00:02.354464,

50,10,1,0.925,LogisticRegression(max_iter=10000),0.89,0.893,-0.036,0.891,-0.037,0.893,0,0,103,0.486,0:01:07.617274,0:00:02.354464,

50,10,1,0.9,MultinomialNB(),0.667,0.678,-0.251,0.672,-0.256,0.678,0,0,92,0.434,0:00:00.034608,0:00:02.053151,

50,10,1,0.9,LinearSVC(max_iter=10000),0.842,0.844,-0.085,0.841,-0.087,0.844,0,0,92,0.434,0:00:36.309946,0:00:02.053151,

50,10,1,0.9,LogisticRegression(max_iter=10000),0.874,0.878,-0.051,0.877,-0.051,0.878,0,0,92,0.434,0:01:40.870404,0:00:02.053151,

50,10,1,0.85,MultinomialNB(),0.642,0.65,-0.279,0.644,-0.284,0.65,0,0,74,0.349,0:00:00.029319,0:00:01.606797,

50,10,1,0.85,LinearSVC(max_iter=10000),0.812,0.817,-0.113,0.813,-0.115,0.817,0,0,74,0.349,0:00:28.928224,0:00:01.606797,

50,10,1,0.85,LogisticRegression(max_iter=10000),0.847,0.845,-0.084,0.843,-0.085,0.845,0,0,74,0.349,0:00:47.616671,0:00:01.606797,

50,10,1,0.8,MultinomialNB(),0.629,0.637,-0.292,0.632,-0.296,0.637,0,0,59,0.278,0:00:00.028599,0:00:01.514471,

50,10,1,0.8,LinearSVC(max_iter=10000),0.77,0.779,-0.15,0.774,-0.154,0.779,0,0,59,0.278,0:00:22.886240,0:00:01.514471,

50,10,1,0.8,LogisticRegression(max_iter=10000),0.805,0.812,-0.117,0.809,-0.118,0.812,0,0,59,0.278,0:00:36.546968,0:00:01.514471,

50,10,1,0.7,MultinomialNB(),0.498,0.507,-0.422,0.486,-0.442,0.507,0,0,34,0.16,0:00:00.020435,0:00:01.192192,

50,10,1,0.7,LinearSVC(max_iter=10000),0.635,0.639,-0.29,0.622,-0.306,0.639,0,0,34,0.16,0:00:13.277068,0:00:01.192192,

50,10,1,0.7,LogisticRegression(max_iter=10000),0.67,0.673,-0.257,0.666,-0.262,0.673,0,0,34,0.16,0:00:18.887224,0:00:01.192192,

50,10,1,0.6,MultinomialNB(),0.362,0.374,-0.555,0.342,-0.586,0.374,0,0,13,0.061,0:00:00.014642,0:00:01.083597,

50,10,1,0.6,LinearSVC(max_iter=10000),0.408,0.417,-0.513,0.376,-0.552,0.417,0,0,13,0.061,0:00:05.493569,0:00:01.083597,

50,10,1,0.6,LogisticRegression(max_iter=10000),0.436,0.451,-0.479,0.434,-0.494,0.451,0,0,13,0.061,0:00:06.887084,0:00:01.083597,

50,10,2,1.0,MultinomialNB(),0.696,0.702,0.0,0.699,0.0,0.702,0,0,201,1.0,0:00:00.065862,0:00:06.649132,

50,10,2,1.0,LinearSVC(max_iter=10000),0.903,0.906,0.0,0.904,0.0,0.906,0,0,201,1.0,0:02:07.692429,0:00:06.649132,

50,10,2,1.0,LogisticRegression(max_iter=10000),0.925,0.929,0.0,0.928,0.0,0.929,0,0,201,1.0,0:05:31.449607,0:00:06.649132,

50,10,2,0.975,MultinomialNB(),0.69,0.696,-0.234,0.692,-0.236,0.696,0,0,142,0.706,0:00:00.047233,0:00:03.906296,

50,10,2,0.975,LinearSVC(max_iter=10000),0.89,0.896,-0.033,0.895,-0.033,0.896,0,0,142,0.706,0:01:00.046273,0:00:03.906296,

50,10,2,0.975,LogisticRegression(max_iter=10000),0.914,0.92,-0.009,0.919,-0.009,0.92,0,0,142,0.706,0:02:00.480424,0:00:03.906296,

50,10,2,0.95,MultinomialNB(),0.686,0.693,-0.236,0.689,-0.239,0.693,0,0,122,0.607,0:00:00.042638,0:00:03.080003,

50,10,2,0.95,LinearSVC(max_iter=10000),0.879,0.884,-0.046,0.882,-0.046,0.884,0,0,122,0.607,0:00:51.481407,0:00:03.080003,

50,10,2,0.95,LogisticRegression(max_iter=10000),0.905,0.91,-0.019,0.909,-0.019,0.91,0,0,122,0.607,0:01:10.774143,0:00:03.080003,

50,10,2,0.925,MultinomialNB(),0.678,0.689,-0.24,0.684,-0.244,0.689,0,0,103,0.512,0:00:00.037054,0:00:02.312704,

50,10,2,0.925,LinearSVC(max_iter=10000),0.86,0.864,-0.065,0.862,-0.066,0.864,0,0,103,0.512,0:00:39.139314,0:00:02.312704,

50,10,2,0.925,LogisticRegression(max_iter=10000),0.89,0.893,-0.037,0.891,-0.037,0.893,0,0,103,0.512,0:01:02.377634,0:00:02.312704,

50,10,2,0.9,MultinomialNB(),0.667,0.678,-0.252,0.672,-0.256,0.678,0,0,92,0.458,0:00:00.035633,0:00:02.083697,

50,10,2,0.9,LinearSVC(max_iter=10000),0.842,0.844,-0.085,0.841,-0.087,0.844,0,0,92,0.458,0:00:36.034274,0:00:02.083697,

50,10,2,0.9,LogisticRegression(max_iter=10000),0.874,0.878,-0.051,0.877,-0.052,0.878,0,0,92,0.458,0:01:46.382441,0:00:02.083697,

50,10,2,0.85,MultinomialNB(),0.642,0.65,-0.279,0.644,-0.284,0.65,0,0,74,0.368,0:00:00.030962,0:00:01.534591,

50,10,2,0.85,LinearSVC(max_iter=10000),0.812,0.817,-0.113,0.813,-0.115,0.817,0,0,74,0.368,0:00:30.468794,0:00:01.534591,

50,10,2,0.85,LogisticRegression(max_iter=10000),0.847,0.845,-0.084,0.843,-0.085,0.845,0,0,74,0.368,0:00:53.159411,0:00:01.534591,

50,10,2,0.8,MultinomialNB(),0.629,0.637,-0.292,0.632,-0.296,0.637,0,0,59,0.294,0:00:00.035918,0:00:02.097467,

50,10,2,0.8,LinearSVC(max_iter=10000),0.77,0.779,-0.15,0.774,-0.154,0.779,0,0,59,0.294,0:00:26.704710,0:00:02.097467,

50,10,2,0.8,LogisticRegression(max_iter=10000),0.805,0.812,-0.117,0.809,-0.119,0.812,0,0,59,0.294,0:00:39.619854,0:00:02.097467,

50,10,2,0.7,MultinomialNB(),0.498,0.507,-0.422,0.486,-0.442,0.507,0,0,34,0.169,0:00:00.020520,0:00:01.032177,

50,10,2,0.7,LinearSVC(max_iter=10000),0.635,0.639,-0.29,0.622,-0.306,0.639,0,0,34,0.169,0:00:12.701816,0:00:01.032177,

50,10,2,0.7,LogisticRegression(max_iter=10000),0.67,0.673,-0.257,0.666,-0.262,0.673,0,0,34,0.169,0:00:21.292293,0:00:01.032177,

50,10,2,0.6,MultinomialNB(),0.362,0.374,-0.555,0.342,-0.586,0.374,0,0,13,0.065,0:00:00.032094,0:00:01.553986,

50,10,2,0.6,LinearSVC(max_iter=10000),0.408,0.417,-0.513,0.376,-0.552,0.417,0,0,13,0.065,0:00:08.411113,0:00:01.553986,

50,10,2,0.6,LogisticRegression(max_iter=10000),0.436,0.451,-0.479,0.434,-0.495,0.451,0,0,13,0.065,0:00:08.002190,0:00:01.553986,

50,15,1,1.0,MultinomialNB(),0.697,0.703,0.0,0.699,0.0,0.703,0,0,215,1.0,0:00:00.065528,0:00:07.672900,

50,15,1,1.0,LinearSVC(max_iter=10000),0.903,0.906,0.0,0.905,0.0,0.906,0,0,215,1.0,0:02:18.421406,0:00:07.672900,

50,15,1,1.0,LogisticRegression(max_iter=10000),0.925,0.93,0.0,0.929,0.0,0.93,0,0,215,1.0,0:02:40.271925,0:00:07.672900,

50,15,1,0.975,MultinomialNB(),0.689,0.695,-0.236,0.691,-0.238,0.695,0,0,143,0.665,0:00:00.047871,0:00:04.015048,

50,15,1,0.975,LinearSVC(max_iter=10000),0.89,0.896,-0.034,0.895,-0.034,0.896,0,0,143,0.665,0:00:58.028270,0:00:04.015048,

50,15,1,0.975,LogisticRegression(max_iter=10000),0.914,0.921,-0.01,0.919,-0.01,0.921,0,0,143,0.665,0:01:31.205136,0:00:04.015048,

50,15,1,0.95,MultinomialNB(),0.686,0.693,-0.237,0.689,-0.24,0.693,0,0,122,0.567,0:00:00.046328,0:00:03.247283,

50,15,1,0.95,LinearSVC(max_iter=10000),0.879,0.884,-0.047,0.882,-0.047,0.884,0,0,122,0.567,0:00:59.445800,0:00:03.247283,

50,15,1,0.95,LogisticRegression(max_iter=10000),0.905,0.91,-0.02,0.909,-0.02,0.91,0,0,122,0.567,0:01:15.966424,0:00:03.247283,

50,15,1,0.925,MultinomialNB(),0.678,0.689,-0.241,0.684,-0.245,0.689,0,0,103,0.479,0:00:00.036999,0:00:02.402181,

50,15,1,0.925,LinearSVC(max_iter=10000),0.86,0.864,-0.066,0.862,-0.067,0.864,0,0,103,0.479,0:00:38.798788,0:00:02.402181,

50,15,1,0.925,LogisticRegression(max_iter=10000),0.89,0.893,-0.038,0.891,-0.038,0.893,0,0,103,0.479,0:00:53.899103,0:00:02.402181,

50,15,1,0.9,MultinomialNB(),0.667,0.678,-0.252,0.672,-0.257,0.678,0,0,92,0.428,0:00:00.032359,0:00:02.111144,

50,15,1,0.9,LinearSVC(max_iter=10000),0.842,0.844,-0.086,0.841,-0.088,0.844,0,0,92,0.428,0:00:33.275887,0:00:02.111144,

50,15,1,0.9,LogisticRegression(max_iter=10000),0.874,0.878,-0.052,0.877,-0.052,0.878,0,0,92,0.428,0:00:57.344205,0:00:02.111144,

50,15,1,0.85,MultinomialNB(),0.642,0.65,-0.28,0.644,-0.285,0.65,0,0,74,0.344,0:00:00.031370,0:00:01.607399,

50,15,1,0.85,LinearSVC(max_iter=10000),0.812,0.817,-0.114,0.813,-0.116,0.817,0,0,74,0.344,0:00:23.736837,0:00:01.607399,

50,15,1,0.85,LogisticRegression(max_iter=10000),0.847,0.845,-0.085,0.843,-0.086,0.845,0,0,74,0.344,0:00:36.680679,0:00:01.607399,

50,15,1,0.8,MultinomialNB(),0.629,0.637,-0.293,0.632,-0.297,0.637,0,0,59,0.274,0:00:00.026525,0:00:01.348884,

50,15,1,0.8,LinearSVC(max_iter=10000),0.77,0.779,-0.151,0.774,-0.155,0.779,0,0,59,0.274,0:00:21.412116,0:00:01.348884,

50,15,1,0.8,LogisticRegression(max_iter=10000),0.805,0.812,-0.118,0.809,-0.119,0.812,0,0,59,0.274,0:00:31.435828,0:00:01.348884,

50,15,1,0.7,MultinomialNB(),0.498,0.507,-0.423,0.486,-0.443,0.507,0,0,34,0.158,0:00:00.020073,0:00:01.174615,

50,15,1,0.7,LinearSVC(max_iter=10000),0.635,0.639,-0.291,0.622,-0.307,0.639,0,0,34,0.158,0:00:12.509788,0:00:01.174615,

50,15,1,0.7,LogisticRegression(max_iter=10000),0.67,0.673,-0.258,0.666,-0.263,0.673,0,0,34,0.158,0:00:17.753446,0:00:01.174615,

50,15,1,0.6,MultinomialNB(),0.362,0.374,-0.556,0.342,-0.587,0.374,0,0,13,0.06,0:00:00.015086,0:00:01.084169,

50,15,1,0.6,LinearSVC(max_iter=10000),0.408,0.417,-0.514,0.376,-0.553,0.417,0,0,13,0.06,0:00:05.443078,0:00:01.084169,

50,15,1,0.6,LogisticRegression(max_iter=10000),0.436,0.451,-0.48,0.434,-0.495,0.451,0,0,13,0.06,0:00:06.327785,0:00:01.084169,

50,15,2,1.0,MultinomialNB(),0.697,0.703,0.0,0.699,0.0,0.703,0,0,210,1.0,0:00:00.075275,0:00:07.464567,

50,15,2,1.0,LinearSVC(max_iter=10000),0.903,0.906,0.0,0.905,0.0,0.906,0,0,210,1.0,0:37:37.652447,0:00:07.464567,

50,15,2,1.0,LogisticRegression(max_iter=10000),0.925,0.93,0.0,0.929,0.0,0.93,0,0,210,1.0,0:01:50.158347,0:00:07.464567,

50,15,2,0.975,MultinomialNB(),0.689,0.695,-0.236,0.691,-0.238,0.695,0,0,143,0.681,0:00:00.053361,0:00:04.349117,

50,15,2,0.975,LinearSVC(max_iter=10000),0.89,0.896,-0.034,0.895,-0.034,0.896,0,0,143,0.681,0:01:05.389883,0:00:04.349117,

50,15,2,0.975,LogisticRegression(max_iter=10000),0.914,0.921,-0.01,0.919,-0.01,0.921,0,0,143,0.681,0:01:07.618792,0:00:04.349117,

50,15,2,0.95,MultinomialNB(),0.686,0.693,-0.237,0.689,-0.24,0.693,0,0,122,0.581,0:00:00.046303,0:00:03.320548,

50,15,2,0.95,LinearSVC(max_iter=10000),0.879,0.884,-0.047,0.882,-0.047,0.884,0,0,122,0.581,0:00:56.138361,0:00:03.320548,

50,15,2,0.95,LogisticRegression(max_iter=10000),0.905,0.91,-0.02,0.909,-0.02,0.91,0,0,122,0.581,0:00:54.524973,0:00:03.320548,

50,15,2,0.925,MultinomialNB(),0.678,0.689,-0.241,0.684,-0.245,0.689,0,0,103,0.49,0:00:00.039902,0:00:02.688347,

50,15,2,0.925,LinearSVC(max_iter=10000),0.86,0.864,-0.066,0.862,-0.067,0.864,0,0,103,0.49,0:00:44.510919,0:00:02.688347,

50,15,2,0.925,LogisticRegression(max_iter=10000),0.89,0.893,-0.038,0.891,-0.038,0.893,0,0,103,0.49,0:00:45.050846,0:00:02.688347,

50,15,2,0.9,MultinomialNB(),0.667,0.678,-0.252,0.672,-0.257,0.678,0,0,92,0.438,0:00:00.036832,0:00:02.354780,

50,15,2,0.9,LinearSVC(max_iter=10000),0.842,0.844,-0.086,0.841,-0.088,0.844,0,0,92,0.438,0:00:38.591556,0:00:02.354780,

50,15,2,0.9,LogisticRegression(max_iter=10000),0.874,0.878,-0.052,0.877,-0.052,0.878,0,0,92,0.438,0:00:46.322387,0:00:02.354780,

50,15,2,0.85,MultinomialNB(),0.642,0.65,-0.28,0.644,-0.285,0.65,0,0,74,0.352,0:00:00.032700,0:00:01.865613,

50,15,2,0.85,LinearSVC(max_iter=10000),0.812,0.817,-0.114,0.813,-0.116,0.817,0,0,74,0.352,0:00:30.684838,0:00:01.865613,

50,15,2,0.85,LogisticRegression(max_iter=10000),0.847,0.845,-0.085,0.843,-0.086,0.845,0,0,74,0.352,0:02:01.008103,0:00:01.865613,

50,15,2,0.8,MultinomialNB(),0.629,0.637,-0.293,0.632,-0.297,0.637,0,0,59,0.281,0:00:00.054692,0:00:02.685370,

50,15,2,0.8,LinearSVC(max_iter=10000),0.77,0.779,-0.151,0.774,-0.155,0.779,0,0,59,0.281,0:00:53.991357,0:00:02.685370,

50,15,2,0.8,LogisticRegression(max_iter=10000),0.805,0.812,-0.118,0.809,-0.119,0.812,0,0,59,0.281,0:01:33.216051,0:00:02.685370,

50,15,2,0.7,MultinomialNB(),0.498,0.507,-0.423,0.486,-0.443,0.507,0,0,34,0.162,0:00:00.039897,0:00:02.447911,

50,15,2,0.7,LinearSVC(max_iter=10000),0.635,0.639,-0.291,0.622,-0.307,0.639,0,0,34,0.162,0:00:32.525538,0:00:02.447911,

50,15,2,0.7,LogisticRegression(max_iter=10000),0.67,0.673,-0.258,0.666,-0.263,0.673,0,0,34,0.162,0:00:56.411581,0:00:02.447911,

50,15,2,0.6,MultinomialNB(),0.362,0.374,-0.556,0.342,-0.587,0.374,0,0,13,0.062,0:00:00.029342,0:00:02.303208,

50,15,2,0.6,LinearSVC(max_iter=10000),0.408,0.417,-0.514,0.376,-0.553,0.417,0,0,13,0.062,0:00:13.643417,0:00:02.303208,

50,15,2,0.6,LogisticRegression(max_iter=10000),0.436,0.451,-0.48,0.434,-0.495,0.451,0,0,13,0.062,0:00:20.139949,0:00:02.303208,

100,5,1,1.0,MultinomialNB(),0.695,0.701,0.0,0.697,0.0,0.701,0,0,166,1.0,0:00:00.098180,0:00:09.315202,

100,5,1,1.0,LinearSVC(max_iter=10000),0.897,0.903,0.0,0.901,0.0,0.903,0,0,166,1.0,0:02:24.105965,0:00:09.315202,

100,5,1,1.0,LogisticRegression(max_iter=10000),0.918,0.924,0.0,0.923,0.0,0.924,0,0,166,1.0,0:05:04.207844,0:00:09.315202,

100,5,1,0.975,MultinomialNB(),0.688,0.694,-0.23,0.69,-0.233,0.694,0,0,137,0.825,0:00:00.086492,0:00:06.828083,

100,5,1,0.975,LinearSVC(max_iter=10000),0.889,0.896,-0.028,0.894,-0.029,0.896,0,0,137,0.825,0:02:06.590372,0:00:06.828083,

100,5,1,0.975,LogisticRegression(max_iter=10000),0.913,0.918,-0.006,0.917,-0.006,0.918,0,0,137,0.825,0:32:00.756060,0:00:06.828083,

100,5,1,0.95,MultinomialNB(),0.688,0.694,-0.23,0.69,-0.233,0.694,0,0,119,0.717,0:00:00.043933,0:00:03.071276,

100,5,1,0.95,LinearSVC(max_iter=10000),0.879,0.884,-0.041,0.882,-0.041,0.884,0,0,119,0.717,0:00:48.136506,0:00:03.071276,

100,5,1,0.95,LogisticRegression(max_iter=10000),0.905,0.909,-0.015,0.908,-0.015,0.909,0,0,119,0.717,0:00:53.860085,0:00:03.071276,

100,5,1,0.925,MultinomialNB(),0.677,0.689,-0.236,0.684,-0.239,0.689,0,0,101,0.608,0:00:00.039183,0:00:02.301070,

100,5,1,0.925,LinearSVC(max_iter=10000),0.86,0.863,-0.061,0.861,-0.062,0.863,0,0,101,0.608,0:00:44.406837,0:00:02.301070,

100,5,1,0.925,LogisticRegression(max_iter=10000),0.889,0.892,-0.032,0.891,-0.032,0.892,0,0,101,0.608,0:00:45.223566,0:00:02.301070,

100,5,1,0.9,MultinomialNB(),0.668,0.678,-0.246,0.672,-0.25,0.678,0,0,90,0.542,0:00:00.036600,0:00:01.941287,

100,5,1,0.9,LinearSVC(max_iter=10000),0.841,0.845,-0.079,0.842,-0.081,0.845,0,0,90,0.542,0:00:33.671892,0:00:01.941287,

100,5,1,0.9,LogisticRegression(max_iter=10000),0.873,0.878,-0.046,0.876,-0.047,0.878,0,0,90,0.542,0:00:40.744498,0:00:01.941287,

100,5,1,0.85,MultinomialNB(),0.642,0.652,-0.272,0.645,-0.278,0.652,0,0,73,0.44,0:00:00.032180,0:00:01.536671,

100,5,1,0.85,LinearSVC(max_iter=10000),0.812,0.815,-0.109,0.812,-0.111,0.815,0,0,73,0.44,0:00:28.722524,0:00:01.536671,

100,5,1,0.85,LogisticRegression(max_iter=10000),0.847,0.845,-0.079,0.843,-0.08,0.845,0,0,73,0.44,0:00:30.500920,0:00:01.536671,

100,5,1,0.8,MultinomialNB(),0.629,0.637,-0.287,0.632,-0.291,0.637,0,0,59,0.355,0:00:00.029257,0:00:01.322767,

100,5,1,0.8,LinearSVC(max_iter=10000),0.77,0.779,-0.145,0.774,-0.149,0.779,0,0,59,0.355,0:00:24.994271,0:00:01.322767,

100,5,1,0.8,LogisticRegression(max_iter=10000),0.805,0.812,-0.112,0.809,-0.113,0.812,0,0,59,0.355,0:00:23.315836,0:00:01.322767,

100,5,1,0.7,MultinomialNB(),0.498,0.507,-0.417,0.486,-0.437,0.507,0,0,34,0.205,0:00:00.024784,0:00:01.094157,

100,5,1,0.7,LinearSVC(max_iter=10000),0.635,0.639,-0.285,0.622,-0.301,0.639,0,0,34,0.205,0:00:13.617046,0:00:01.094157,

100,5,1,0.7,LogisticRegression(max_iter=10000),0.67,0.673,-0.251,0.666,-0.257,0.673,0,0,34,0.205,0:00:13.765125,0:00:01.094157,

100,5,1,0.6,MultinomialNB(),0.362,0.374,-0.55,0.342,-0.581,0.374,0,0,13,0.078,0:00:00.016503,0:00:01.040868,

100,5,1,0.6,LinearSVC(max_iter=10000),0.408,0.417,-0.508,0.376,-0.547,0.417,0,0,13,0.078,0:00:05.737415,0:00:01.040868,

100,5,1,0.6,LogisticRegression(max_iter=10000),0.436,0.451,-0.474,0.434,-0.489,0.451,0,0,13,0.078,0:00:03.897355,0:00:01.040868,

100,5,2,1.0,MultinomialNB(),0.697,0.706,0.0,0.702,0.0,0.706,0,0,144,1.0,0:00:00.049618,0:00:04.051911,

100,5,2,1.0,LinearSVC(max_iter=10000),0.889,0.895,0.0,0.893,0.0,0.895,0,0,144,1.0,0:01:00.660842,0:00:04.051911,

100,5,2,1.0,LogisticRegression(max_iter=10000),0.914,0.922,0.0,0.921,0.0,0.922,0,0,144,1.0,0:01:11.711267,0:00:04.051911,

100,5,2,0.975,MultinomialNB(),0.692,0.702,-0.22,0.698,-0.223,0.702,0,0,128,0.889,0:00:00.049259,0:00:03.270407,

100,5,2,0.975,LinearSVC(max_iter=10000),0.886,0.891,-0.032,0.889,-0.032,0.891,0,0,128,0.889,0:00:58.736909,0:00:03.270407,

100,5,2,0.975,LogisticRegression(max_iter=10000),0.91,0.917,-0.006,0.915,-0.006,0.917,0,0,128,0.889,0:00:56.327493,0:00:03.270407,

100,5,2,0.95,MultinomialNB(),0.69,0.699,-0.224,0.695,-0.227,0.699,0,0,114,0.792,0:00:00.045841,0:00:02.727595,

100,5,2,0.95,LinearSVC(max_iter=10000),0.876,0.881,-0.041,0.88,-0.042,0.881,0,0,114,0.792,0:00:47.824480,0:00:02.727595,

100,5,2,0.95,LogisticRegression(max_iter=10000),0.902,0.908,-0.015,0.906,-0.015,0.908,0,0,114,0.792,0:01:21.664633,0:00:02.727595,

100,5,2,0.925,MultinomialNB(),0.68,0.69,-0.232,0.685,-0.237,0.69,0,0,96,0.667,0:00:00.037656,0:00:02.136814,

100,5,2,0.925,LinearSVC(max_iter=10000),0.856,0.856,-0.066,0.853,-0.068,0.856,0,0,96,0.667,0:00:38.790062,0:00:02.136814,

100,5,2,0.925,LogisticRegression(max_iter=10000),0.886,0.888,-0.034,0.887,-0.035,0.888,0,0,96,0.667,0:00:42.421362,0:00:02.136814,

100,5,2,0.9,MultinomialNB(),0.668,0.677,-0.245,0.671,-0.25,0.677,0,0,86,0.597,0:00:00.035091,0:00:01.758987,

100,5,2,0.9,LinearSVC(max_iter=10000),0.839,0.841,-0.082,0.838,-0.083,0.841,0,0,86,0.597,0:00:36.077322,0:00:01.758987,

100,5,2,0.9,LogisticRegression(max_iter=10000),0.87,0.877,-0.045,0.875,-0.046,0.877,0,0,86,0.597,0:00:36.706774,0:00:01.758987,

100,5,2,0.85,MultinomialNB(),0.641,0.648,-0.274,0.642,-0.279,0.648,0,0,70,0.486,0:00:00.031734,0:00:01.323456,

100,5,2,0.85,LinearSVC(max_iter=10000),0.808,0.811,-0.112,0.808,-0.114,0.811,0,0,70,0.486,0:00:28.712028,0:00:01.323456,

100,5,2,0.85,LogisticRegression(max_iter=10000),0.844,0.845,-0.078,0.843,-0.078,0.845,0,0,70,0.486,0:00:29.023464,0:00:01.323456,

100,5,2,0.8,MultinomialNB(),0.627,0.635,-0.287,0.63,-0.291,0.635,0,0,57,0.396,0:00:00.029313,0:00:01.142578,

100,5,2,0.8,LinearSVC(max_iter=10000),0.77,0.78,-0.143,0.774,-0.147,0.78,0,0,57,0.396,0:00:23.463345,0:00:01.142578,

100,5,2,0.8,LogisticRegression(max_iter=10000),0.805,0.811,-0.112,0.808,-0.113,0.811,0,0,57,0.396,0:00:26.786030,0:00:01.142578,

100,5,2,0.7,MultinomialNB(),0.497,0.508,-0.415,0.486,-0.435,0.508,0,0,33,0.229,0:00:00.025148,0:00:00.946738,

100,5,2,0.7,LinearSVC(max_iter=10000),0.635,0.64,-0.282,0.624,-0.298,0.64,0,0,33,0.229,0:00:12.918345,0:00:00.946738,

100,5,2,0.7,LogisticRegression(max_iter=10000),0.669,0.672,-0.25,0.666,-0.255,0.672,0,0,33,0.229,0:00:13.875298,0:00:00.946738,

100,5,2,0.6,MultinomialNB(),0.36,0.373,-0.549,0.335,-0.586,0.373,0,0,12,0.083,0:00:00.016482,0:00:00.842725,

100,5,2,0.6,LinearSVC(max_iter=10000),0.408,0.414,-0.508,0.374,-0.547,0.414,0,0,12,0.083,0:00:05.101539,0:00:00.842725,

100,5,2,0.6,LogisticRegression(max_iter=10000),0.442,0.455,-0.467,0.439,-0.482,0.455,0,0,12,0.083,0:00:03.520775,0:00:00.842725,

100,10,1,1.0,MultinomialNB(),0.697,0.703,0.0,0.699,0.0,0.703,0,0,216,1.0,0:00:00.071876,0:00:08.433014,

100,10,1,1.0,LinearSVC(max_iter=10000),0.903,0.907,0.0,0.906,0.0,0.907,0,0,216,1.0,0:02:25.534666,0:00:08.433014,

100,10,1,1.0,LogisticRegression(max_iter=10000),0.925,0.93,0.0,0.928,0.0,0.93,0,0,216,1.0,0:02:11.950299,0:00:08.433014,

100,10,1,0.975,MultinomialNB(),0.689,0.695,-0.235,0.691,-0.238,0.695,0,0,143,0.662,0:00:00.052150,0:00:04.371883,

100,10,1,0.975,LinearSVC(max_iter=10000),0.89,0.896,-0.034,0.895,-0.034,0.896,0,0,143,0.662,0:01:08.091148,0:00:04.371883,

100,10,1,0.975,LogisticRegression(max_iter=10000),0.914,0.921,-0.009,0.919,-0.009,0.921,0,0,143,0.662,0:01:14.444426,0:00:04.371883,

100,10,1,0.95,MultinomialNB(),0.686,0.693,-0.236,0.689,-0.239,0.693,0,0,122,0.565,0:00:00.046558,0:00:03.385324,

100,10,1,0.95,LinearSVC(max_iter=10000),0.879,0.884,-0.046,0.882,-0.046,0.884,0,0,122,0.565,0:00:58.267689,0:00:03.385324,

100,10,1,0.95,LogisticRegression(max_iter=10000),0.905,0.91,-0.019,0.909,-0.019,0.91,0,0,122,0.565,1:37:37.466236,0:00:03.385324,

100,10,1,0.925,MultinomialNB(),0.678,0.689,-0.24,0.684,-0.244,0.689,0,0,103,0.477,0:00:00.043134,0:00:02.718100,

100,10,1,0.925,LinearSVC(max_iter=10000),0.86,0.864,-0.066,0.862,-0.066,0.864,0,0,103,0.477,0:00:47.110563,0:00:02.718100,

100,10,1,0.925,LogisticRegression(max_iter=10000),0.89,0.892,-0.037,0.891,-0.037,0.892,0,0,103,0.477,0:00:32.084601,0:00:02.718100,

100,10,1,0.9,MultinomialNB(),0.667,0.678,-0.252,0.672,-0.256,0.678,0,0,92,0.426,0:00:00.030299,0:00:01.720589,

100,10,1,0.9,LinearSVC(max_iter=10000),0.842,0.844,-0.086,0.841,-0.087,0.844,0,0,92,0.426,0:00:26.244344,0:00:01.720589,

100,10,1,0.9,LogisticRegression(max_iter=10000),0.874,0.878,-0.051,0.877,-0.052,0.878,0,0,92,0.426,0:00:29.061581,0:00:01.720589,

100,10,1,0.85,MultinomialNB(),0.642,0.65,-0.279,0.644,-0.285,0.65,0,0,74,0.343,0:00:00.026392,0:00:01.315094,

100,10,1,0.85,LinearSVC(max_iter=10000),0.812,0.817,-0.113,0.813,-0.115,0.817,0,0,74,0.343,0:00:21.003874,0:00:01.315094,

100,10,1,0.85,LogisticRegression(max_iter=10000),0.847,0.845,-0.084,0.843,-0.085,0.845,0,0,74,0.343,0:00:21.288420,0:00:01.315094,

100,10,1,0.8,MultinomialNB(),0.629,0.637,-0.292,0.632,-0.297,0.637,0,0,59,0.273,0:00:00.022211,0:00:01.109633,

100,10,1,0.8,LinearSVC(max_iter=10000),0.77,0.779,-0.15,0.774,-0.154,0.779,0,0,59,0.273,0:00:16.530166,0:00:01.109633,

100,10,1,0.8,LogisticRegression(max_iter=10000),0.805,0.812,-0.118,0.809,-0.119,0.812,0,0,59,0.273,0:00:28.613798,0:00:01.109633,

100,10,1,0.7,MultinomialNB(),0.498,0.507,-0.423,0.486,-0.442,0.507,0,0,34,0.157,0:00:00.018882,0:00:01.107224,

100,10,1,0.7,LinearSVC(max_iter=10000),0.635,0.639,-0.29,0.622,-0.306,0.639,0,0,34,0.157,0:00:12.011289,0:00:01.107224,

100,10,1,0.7,LogisticRegression(max_iter=10000),0.67,0.673,-0.257,0.666,-0.263,0.673,0,0,34,0.157,0:00:16.017270,0:00:01.107224,

100,10,1,0.6,MultinomialNB(),0.362,0.374,-0.555,0.342,-0.586,0.374,0,0,13,0.06,0:00:00.014556,0:00:01.040257,

100,10,1,0.6,LinearSVC(max_iter=10000),0.408,0.417,-0.513,0.376,-0.552,0.417,0,0,13,0.06,0:00:04.925363,0:00:01.040257,

100,10,1,0.6,LogisticRegression(max_iter=10000),0.436,0.451,-0.479,0.434,-0.495,0.451,0,0,13,0.06,0:00:05.763381,0:00:01.040257,

100,10,2,1.0,MultinomialNB(),0.697,0.703,0.0,0.699,0.0,0.703,0,0,208,1.0,0:00:00.058271,0:00:06.892038,

100,10,2,1.0,LinearSVC(max_iter=10000),0.903,0.906,0.0,0.905,0.0,0.906,0,0,208,1.0,0:01:49.356148,0:00:06.892038,

100,10,2,1.0,LogisticRegression(max_iter=10000),0.925,0.93,0.0,0.928,0.0,0.93,0,0,208,1.0,0:01:52.217266,0:00:06.892038,

100,10,2,0.975,MultinomialNB(),0.689,0.695,-0.235,0.691,-0.238,0.695,0,0,143,0.688,0:00:00.044108,0:00:03.733296,

100,10,2,0.975,LinearSVC(max_iter=10000),0.89,0.896,-0.034,0.895,-0.034,0.896,0,0,143,0.688,0:00:54.356113,0:00:03.733296,

100,10,2,0.975,LogisticRegression(max_iter=10000),0.914,0.921,-0.009,0.919,-0.009,0.921,0,0,143,0.688,0:01:19.394284,0:00:03.733296,

100,10,2,0.95,MultinomialNB(),0.686,0.693,-0.236,0.689,-0.239,0.693,0,0,122,0.587,0:00:00.038030,0:00:02.737520,

100,10,2,0.95,LinearSVC(max_iter=10000),0.879,0.884,-0.046,0.882,-0.046,0.884,0,0,122,0.587,0:00:38.983078,0:00:02.737520,

100,10,2,0.95,LogisticRegression(max_iter=10000),0.905,0.91,-0.019,0.909,-0.019,0.91,0,0,122,0.587,0:00:59.828201,0:00:02.737520,

100,10,2,0.925,MultinomialNB(),0.678,0.689,-0.24,0.684,-0.244,0.689,0,0,103,0.495,0:00:00.033176,0:00:02.199731,

100,10,2,0.925,LinearSVC(max_iter=10000),0.86,0.864,-0.066,0.862,-0.066,0.864,0,0,103,0.495,0:00:32.189858,0:00:02.199731,

100,10,2,0.925,LogisticRegression(max_iter=10000),0.89,0.892,-0.037,0.891,-0.037,0.892,0,0,103,0.495,0:00:52.968855,0:00:02.199731,

100,10,2,0.9,MultinomialNB(),0.667,0.678,-0.252,0.672,-0.256,0.678,0,0,92,0.442,0:00:00.031391,0:00:01.849692,

100,10,2,0.9,LinearSVC(max_iter=10000),0.842,0.844,-0.086,0.841,-0.087,0.844,0,0,92,0.442,0:00:29.114109,0:00:01.849692,

100,10,2,0.9,LogisticRegression(max_iter=10000),0.874,0.878,-0.051,0.877,-0.052,0.878,0,0,92,0.442,0:00:45.973485,0:00:01.849692,

100,10,2,0.85,MultinomialNB(),0.642,0.65,-0.279,0.644,-0.285,0.65,0,0,74,0.356,0:00:00.027781,0:00:01.444234,

100,10,2,0.85,LinearSVC(max_iter=10000),0.812,0.817,-0.113,0.813,-0.115,0.817,0,0,74,0.356,0:00:21.941374,0:00:01.444234,

100,10,2,0.85,LogisticRegression(max_iter=10000),0.847,0.845,-0.084,0.843,-0.085,0.845,0,0,74,0.356,0:00:33.585334,0:00:01.444234,

100,10,2,0.8,MultinomialNB(),0.629,0.637,-0.292,0.632,-0.297,0.637,0,0,59,0.284,0:00:00.024720,0:00:01.181068,

100,10,2,0.8,LinearSVC(max_iter=10000),0.77,0.779,-0.15,0.774,-0.154,0.779,0,0,59,0.284,0:00:17.952038,0:00:01.181068,

100,10,2,0.8,LogisticRegression(max_iter=10000),0.805,0.812,-0.118,0.809,-0.119,0.812,0,0,59,0.284,0:00:29.321555,0:00:01.181068,

100,10,2,0.7,MultinomialNB(),0.498,0.507,-0.423,0.486,-0.443,0.507,0,0,34,0.163,0:00:00.018663,0:00:00.993799,

100,10,2,0.7,LinearSVC(max_iter=10000),0.635,0.639,-0.29,0.622,-0.306,0.639,0,0,34,0.163,0:00:10.521079,0:00:00.993799,

100,10,2,0.7,LogisticRegression(max_iter=10000),0.67,0.673,-0.257,0.666,-0.263,0.673,0,0,34,0.163,0:00:15.938282,0:00:00.993799,

100,10,2,0.6,MultinomialNB(),0.362,0.374,-0.555,0.342,-0.586,0.374,0,0,13,0.062,0:00:00.014511,0:00:00.932724,

100,10,2,0.6,LinearSVC(max_iter=10000),0.408,0.417,-0.513,0.376,-0.552,0.417,0,0,13,0.062,0:00:04.350892,0:00:00.932724,

100,10,2,0.6,LogisticRegression(max_iter=10000),0.436,0.451,-0.479,0.434,-0.495,0.451,0,0,13,0.062,0:00:05.775987,0:00:00.932724,

100,15,1,1.0,MultinomialNB(),0.697,0.703,0.0,0.7,0.0,0.703,0,0,224,1.0,0:00:00.065067,0:00:07.860754,

100,15,1,1.0,LinearSVC(max_iter=10000),0.904,0.907,0.0,0.905,0.0,0.907,0,0,224,1.0,0:01:41.470512,0:00:07.860754,

100,15,1,1.0,LogisticRegression(max_iter=10000),0.925,0.931,0.0,0.929,0.0,0.931,0,0,224,1.0,0:02:12.574223,0:00:07.860754,

100,15,1,0.975,MultinomialNB(),0.689,0.695,-0.236,0.691,-0.239,0.695,0,0,143,0.638,0:00:00.043627,0:00:03.891894,

100,15,1,0.975,LinearSVC(max_iter=10000),0.89,0.896,-0.035,0.895,-0.035,0.896,0,0,143,0.638,0:00:53.590958,0:00:03.891894,

100,15,1,0.975,LogisticRegression(max_iter=10000),0.914,0.921,-0.01,0.919,-0.01,0.921,0,0,143,0.638,0:01:11.675689,0:00:03.891894,

100,15,1,0.95,MultinomialNB(),0.686,0.693,-0.237,0.689,-0.24,0.693,0,0,122,0.545,0:00:00.038046,0:00:02.981188,

100,15,1,0.95,LinearSVC(max_iter=10000),0.879,0.884,-0.047,0.882,-0.047,0.884,0,0,122,0.545,0:00:49.087894,0:00:02.981188,

100,15,1,0.95,LogisticRegression(max_iter=10000),0.905,0.91,-0.02,0.909,-0.02,0.91,0,0,122,0.545,0:01:02.090500,0:00:02.981188,

100,15,1,0.925,MultinomialNB(),0.678,0.689,-0.241,0.684,-0.245,0.689,0,0,103,0.46,0:00:00.032674,0:00:02.424101,

100,15,1,0.925,LinearSVC(max_iter=10000),0.86,0.864,-0.067,0.862,-0.067,0.864,0,0,103,0.46,0:00:37.004709,0:00:02.424101,

100,15,1,0.925,LogisticRegression(max_iter=10000),0.89,0.893,-0.038,0.891,-0.038,0.893,0,0,103,0.46,0:00:53.699946,0:00:02.424101,

100,15,1,0.9,MultinomialNB(),0.667,0.678,-0.253,0.672,-0.257,0.678,0,0,92,0.411,0:00:00.031464,0:00:02.104053,

100,15,1,0.9,LinearSVC(max_iter=10000),0.842,0.844,-0.087,0.841,-0.088,0.844,0,0,92,0.411,0:00:31.888857,0:00:02.104053,

100,15,1,0.9,LogisticRegression(max_iter=10000),0.874,0.878,-0.052,0.877,-0.053,0.878,0,0,92,0.411,0:00:43.749853,0:00:02.104053,

100,15,1,0.85,MultinomialNB(),0.642,0.65,-0.28,0.644,-0.286,0.65,0,0,74,0.33,0:00:00.028138,0:00:01.603968,

100,15,1,0.85,LinearSVC(max_iter=10000),0.812,0.817,-0.114,0.813,-0.116,0.817,0,0,74,0.33,0:00:25.642083,0:00:01.603968,

100,15,1,0.85,LogisticRegression(max_iter=10000),0.847,0.845,-0.085,0.843,-0.086,0.845,0,0,74,0.33,0:00:34.470214,0:00:01.603968,

100,15,1,0.8,MultinomialNB(),0.629,0.637,-0.293,0.632,-0.298,0.637,0,0,59,0.263,0:00:00.026315,0:00:01.440288,

100,15,1,0.8,LinearSVC(max_iter=10000),0.77,0.779,-0.151,0.774,-0.155,0.779,0,0,59,0.263,0:00:20.094954,0:00:01.440288,

100,15,1,0.8,LogisticRegression(max_iter=10000),0.805,0.812,-0.119,0.809,-0.12,0.812,0,0,59,0.263,0:00:29.446830,0:00:01.440288,

100,15,1,0.7,MultinomialNB(),0.498,0.507,-0.424,0.486,-0.443,0.507,0,0,34,0.152,0:00:00.019013,0:00:01.188972,

100,15,1,0.7,LinearSVC(max_iter=10000),0.635,0.639,-0.291,0.622,-0.307,0.639,0,0,34,0.152,0:00:12.017658,0:00:01.188972,

100,15,1,0.7,LogisticRegression(max_iter=10000),0.67,0.673,-0.258,0.666,-0.264,0.673,0,0,34,0.152,0:00:15.705922,0:00:01.188972,

100,15,1,0.6,MultinomialNB(),0.362,0.374,-0.556,0.342,-0.587,0.374,0,0,13,0.058,0:00:00.013608,0:00:01.087916,

100,15,1,0.6,LinearSVC(max_iter=10000),0.408,0.417,-0.514,0.376,-0.553,0.417,0,0,13,0.058,0:00:04.947376,0:00:01.087916,

100,15,1,0.6,LogisticRegression(max_iter=10000),0.436,0.451,-0.48,0.434,-0.496,0.451,0,0,13,0.058,0:00:05.733900,0:00:01.087916,

100,15,2,1.0,MultinomialNB(),0.697,0.703,0.0,0.7,0.0,0.703,0,0,216,1.0,0:00:00.063040,0:00:07.426277,

100,15,2,1.0,LinearSVC(max_iter=10000),0.903,0.906,0.0,0.905,0.0,0.906,0,0,216,1.0,0:01:54.587355,0:00:07.426277,

100,15,2,1.0,LogisticRegression(max_iter=10000),0.925,0.93,0.0,0.929,0.0,0.93,0,0,216,1.0,0:02:12.795147,0:00:07.426277,

100,15,2,0.975,MultinomialNB(),0.689,0.695,-0.236,0.691,-0.238,0.695,0,0,143,0.662,0:00:00.045572,0:00:03.807760,

100,15,2,0.975,LinearSVC(max_iter=10000),0.89,0.896,-0.034,0.895,-0.035,0.896,0,0,143,0.662,0:00:56.324870,0:00:03.807760,

100,15,2,0.975,LogisticRegression(max_iter=10000),0.914,0.921,-0.01,0.919,-0.01,0.921,0,0,143,0.662,0:01:12.626295,0:00:03.807760,

100,15,2,0.95,MultinomialNB(),0.686,0.693,-0.237,0.689,-0.24,0.693,0,0,122,0.565,0:00:00.038443,0:00:02.894565,

100,15,2,0.95,LinearSVC(max_iter=10000),0.879,0.884,-0.047,0.882,-0.047,0.884,0,0,122,0.565,0:00:46.101355,0:00:02.894565,

100,15,2,0.95,LogisticRegression(max_iter=10000),0.905,0.91,-0.02,0.909,-0.02,0.91,0,0,122,0.565,0:01:02.074852,0:00:02.894565,

100,15,2,0.925,MultinomialNB(),0.678,0.689,-0.241,0.684,-0.245,0.689,0,0,103,0.477,0:00:00.035958,0:00:02.326961,

100,15,2,0.925,LinearSVC(max_iter=10000),0.86,0.864,-0.066,0.862,-0.067,0.864,0,0,103,0.477,0:00:38.778210,0:00:02.326961,

100,15,2,0.925,LogisticRegression(max_iter=10000),0.89,0.893,-0.038,0.891,-0.038,0.893,0,0,103,0.477,0:00:53.717145,0:00:02.326961,

100,15,2,0.9,MultinomialNB(),0.667,0.678,-0.253,0.672,-0.257,0.678,0,0,92,0.426,0:00:00.032005,0:00:02.037312,

100,15,2,0.9,LinearSVC(max_iter=10000),0.842,0.844,-0.086,0.841,-0.088,0.844,0,0,92,0.426,0:00:31.714554,0:00:02.037312,

100,15,2,0.9,LogisticRegression(max_iter=10000),0.874,0.878,-0.052,0.877,-0.053,0.878,0,0,92,0.426,0:00:43.607893,0:00:02.037312,

100,15,2,0.85,MultinomialNB(),0.642,0.65,-0.28,0.644,-0.285,0.65,0,0,74,0.343,0:00:00.029011,0:00:01.563458,

100,15,2,0.85,LinearSVC(max_iter=10000),0.812,0.817,-0.114,0.813,-0.116,0.817,0,0,74,0.343,0:00:25.480639,0:00:01.563458,

100,15,2,0.85,LogisticRegression(max_iter=10000),0.847,0.845,-0.085,0.843,-0.086,0.845,0,0,74,0.343,0:00:34.593009,0:00:01.563458,

100,15,2,0.8,MultinomialNB(),0.629,0.637,-0.293,0.632,-0.297,0.637,0,0,59,0.273,0:00:00.025812,0:00:01.357742,

100,15,2,0.8,LinearSVC(max_iter=10000),0.77,0.779,-0.151,0.774,-0.155,0.779,0,0,59,0.273,0:00:20.555597,0:00:01.357742,

100,15,2,0.8,LogisticRegression(max_iter=10000),0.805,0.812,-0.118,0.809,-0.12,0.812,0,0,59,0.273,0:00:29.632763,0:00:01.357742,

100,15,2,0.7,MultinomialNB(),0.498,0.507,-0.423,0.486,-0.443,0.507,0,0,34,0.157,0:00:00.018860,0:00:01.135652,

100,15,2,0.7,LinearSVC(max_iter=10000),0.635,0.639,-0.291,0.622,-0.307,0.639,0,0,34,0.157,0:00:12.189702,0:00:01.135652,

100,15,2,0.7,LogisticRegression(max_iter=10000),0.67,0.673,-0.258,0.666,-0.263,0.673,0,0,34,0.157,0:00:15.625134,0:00:01.135652,

100,15,2,0.6,MultinomialNB(),0.362,0.374,-0.556,0.342,-0.587,0.374,0,0,13,0.06,0:00:00.015644,0:00:01.048903,

100,15,2,0.6,LinearSVC(max_iter=10000),0.408,0.417,-0.514,0.376,-0.553,0.417,0,0,13,0.06,0:00:05.101315,0:00:01.048903,

100,15,2,0.6,LogisticRegression(max_iter=10000),0.436,0.451,-0.48,0.434,-0.496,0.451,0,0,13,0.06,0:00:05.769783,0:00:01.048903,

